A,P,H,U,G,H,U,H,H,H,A,G,H,G,H,G,A,H,U,U,A,A,X,X,A,X,2,2,2,2,0
A,P,A,U,U,G,H,D,U,G,G,U,H,U,H,H,G,A,A,U,A,A,X,X,X,X,-1,-1,-1,-1,-1
A,T,U,G,U,U,G,A,A,H,H,G,D,A,G,U,G,U,U,G,A,A,X,X,X,X,0.67,0.67,0,0.5,0.5
A,P,U,U,H,H,A,U,F,H,H,D,G,H,A,A,G,U,U,A,A,H,X,X,A,X,-1,1,1,1,1
A,P,U,U,A,G,H,A,U,A,H,A,H,A,G,U,H,G,H,U,G,H,X,X,X,X,1,-2,1,1,1
A,P,G,A,A,U,A,U,A,G,H,G,H,G,G,U,U,G,U,G,A,G,X,X,B,X,1,1,2,2,2
A,P,H,A,G,U,A,A,U,H,D,U,H,A,G,U,F,H,H,H,U,A,A,X,X,B,-2,-2,0.2,1,-2
A,P,U,A,G,G,G,H,G,A,A,U,U,G,H,H,U,H,A,U,A,G,A,X,B,X,1,1,1,1,1
A,P,G,A,H,G,U,H,U,G,H,H,A,H,G,H,G,H,U,G,H,A,A,X,X,X,-1,-1,1,0,0
A,P,G,H,H,A,G,G,A,H,U,H,U,G,G,H,H,U,A,H,H,G,X,X,A,X,-1,-1,-1,0,0
A,T,H,A,U,H,H,G,U,A,H,U,A,D,F,H,A,A,H,G,U,U,X,X,X,A,-2,-2,-2,-1,-2
A,P,H,H,A,F,G,H,G,A,H,U,H,G,H,G,G,U,G,A,G,G,X,X,B,X,-1,0,0,0,0
A,Z,U,A,G,A,A,A,U,H,H,F,H,H,H,U,H,D,U,U,G,A,A,X,X,X,-1,-1,-1,-1,0.6
A,P,G,A,H,A,H,H,H,G,A,H,G,G,H,U,H,G,U,H,G,F,A,X,A,X,0,0,1,0,0
A,P,A,U,A,H,H,F,G,U,H,U,G,A,G,U,H,A,G,H,A,H,X,X,A,A,-1,-1,-1,-1,-1
A,M,D,A,H,U,H,A,H,U,U,G,U,H,U,G,G,A,U,A,G,A,X,X,X,X,-0.17,0,0.33,0.17,0.5
A,Z,F,A,H,A,H,U,U,H,A,H,H,U,G,U,A,G,D,H,U,A,A,X,X,X,1,1,1,1,0.2
A,P,F,H,H,A,U,H,H,H,U,H,A,A,G,H,G,H,U,G,G,A,A,X,X,X,1,0,0,0,0
A,T,U,G,A,U,A,U,H,G,H,G,A,G,U,A,D,G,A,U,G,U,X,X,X,X,1,0.33,0.33,0.5,1.17
A,P,H,A,H,U,G,D,A,A,U,U,A,G,F,H,U,U,G,G,A,H,X,X,X,A,-1,-0.4,-0.4,-1,-1
A,P,A,U,U,U,G,D,U,A,A,G,H,H,G,U,H,G,H,U,A,A,X,X,A,X,1,2,2,1.17,1.17
A,Z,H,A,U,U,G,G,U,A,G,G,G,U,U,A,U,G,D,A,H,A,X,X,X,X,-0.67,2,-0.5,2,2
A,P,G,G,U,G,U,G,A,H,F,H,G,A,H,G,G,G,G,A,H,G,X,X,X,X,-1,0,0,0,0
A,P,H,A,H,U,H,U,U,D,H,A,A,G,A,G,U,G,G,A,U,U,A,X,X,X,-1,-1,-1,-1,-1
A,P,G,A,H,G,H,A,U,H,G,A,U,F,H,G,A,A,U,U,H,H,X,X,X,X,0,0,0,1,0
A,P,G,A,U,H,F,U,G,H,G,A,G,G,A,A,U,U,H,G,A,H,X,X,X,B,-2,0,0,0,0
A,T,A,U,G,G,A,G,U,A,U,U,U,U,G,D,A,H,G,A,G,H,X,X,X,X,0.33,0.33,0.5,-0.17,0.67
A,M,G,D,A,G,H,U,G,U,H,A,U,U,A,G,H,U,H,A,U,A,X,X,X,A,1,1,1,1,1
A,P,G,G,A,A,G,H,U,G,H,H,U,G,A,U,H,H,A,H,F,G,X,X,A,X,0,0,0,-1,0
A,P,G,A,H,U,G,G,H,U,G,U,A,H,G,U,A,A,G,G,G,H,X,X,B,X,-1,-1,1,-1,0
A,P,A,F,H,U,U,A,A,U,A,U,G,H,A,G,G,H,H,G,H,H,X,X,X,X,-1,0,0,0,0
A,P,A,H,H,G,G,H,U,A,U,G,G,G,H,A,G,G,H,F,G,H,B,X,X,X,0,1,0,0,0
A,P,H,A,H,G,H,U,A,H,U,U,H,A,U,H,U,A,A,H,H,G,X,X,X,A,-1,-1,-1,-1,-1
A,P,G,G,G,G,G,G,G,H,U,A,U,A,G,G,A,A,F,H,U,G,X,X,X,X,0,0,0,2,0
A,P,U,H,H,H,A,G,A,A,G,F,H,H,G,A,G,H,U,U,H,H,A,X,X,X,0,-1,-1,0,0
A,P,H,G,A,G,G,H,H,U,U,A,G,A,U,U,G,G,A,H,U,A,X,X,X,X,1,2,2,-1,2
A,M,A,D,H,U,H,G,H,H,U,A,G,U,U,A,U,A,G,U,A,G,X,B,X,X,-1.5,-1.5,-2,-2,-1.5
A,P,H,A,G,H,U,H,G,G,G,H,A,U,U,F,G,G,G,G,A,A,X,B,X,X,0,-1,0,0,0
A,P,H,U,A,A,H,U,G,H,H,G,U,G,G,A,H,G,H,F,A,G,X,X,B,X,0,0,0,1,0
A,P,G,H,U,U,G,H,G,G,G,G,A,A,U,A,G,H,H,F,A,G,X,B,X,X,0,0,0,1,0
A,T,A,U,U,H,A,H,H,A,H,A,U,D,H,U,H,U,A,G,U,G,X,X,X,X,-2,-2,-2,-2,-2
A,P,H,A,H,A,H,H,A,H,U,A,H,H,U,F,U,H,H,H,H,H,X,A,X,A,0,0,1,1,0
A,P,G,G,U,A,A,U,H,U,H,H,A,A,G,A,U,H,G,H,U,H,X,X,X,B,-2,-2,-2,-2,-2
A,P,H,H,U,G,A,G,G,H,G,G,G,U,A,G,U,G,G,H,A,G,X,B,X,X,1,-1,1,0,0
A,P,H,A,H,U,H,A,A,G,H,H,H,U,U,A,G,A,U,H,U,H,X,X,X,X,-2,-1,-1,-1,-2
A,Z,U,G,U,H,F,A,G,H,H,U,H,A,H,A,A,U,A,D,H,U,X,X,X,X,-2,-2,-2,-2,-1.8
A,T,A,U,G,A,G,U,U,G,H,G,U,A,A,U,D,G,A,U,H,G,X,X,X,X,1.17,1,2,2,1.17
A,M,H,D,U,U,H,G,U,U,H,H,A,G,U,A,H,A,A,H,A,U,X,X,X,X,-2,-2,-2,-2,-2
A,P,H,A,H,A,H,H,U,A,H,H,H,H,U,H,U,U,H,F,A,A,A,X,X,X,0,0,0,1,1
A,M,A,D,G,G,F,G,A,U,G,G,G,U,U,A,G,G,U,U,A,A,X,X,X,X,1,1,1,1,1
A,P,G,H,H,U,U,F,H,U,G,A,G,A,U,G,A,G,G,A,H,A,B,X,X,X,-1,0,0,0,0
A,P,G,G,H,A,U,H,U,H,A,H,G,U,G,G,A,A,G,A,U,U,X,X,X,X,-2,-1,-1,-2,-2
A,P,G,U,A,A,G,G,G,H,G,U,G,A,U,A,U,H,G,H,H,G,X,B,X,A,1,1,-1,-1,0
A,P,G,U,U,G,H,H,U,G,H,A,A,H,A,H,H,U,U,A,G,A,X,X,X,X,1,-2,-2,1,1
A,P,H,U,H,A,H,U,U,H,H,H,G,H,A,A,U,G,U,A,A,H,X,X,A,X,-1,-2,-2,-1,-1
A,P,H,A,G,A,U,G,G,H,A,U,G,G,A,U,A,G,G,U,U,G,X,X,A,X,-1,-1,-1,-1,2
A,T,U,H,U,A,A,H,A,H,U,U,G,U,G,A,D,A,H,U,G,G,X,X,X,X,-0.33,-0.33,-0.17,-0.17,-0.33
A,P,G,G,G,U,G,A,U,U,A,D,A,G,U,U,A,G,G,A,U,G,X,X,X,X,1,1.67,-0.67,0,0.83
A,M,D,A,H,U,A,H,A,U,A,U,G,H,U,U,U,H,G,H,A,H,X,X,X,X,-1.17,-1.17,-0.5,0.33,-0.67
A,P,G,G,G,A,A,U,H,U,G,U,G,H,H,H,U,G,A,U,A,A,A,X,B,X,-1,-1,-1,-1,-1
A,Z,A,A,H,H,A,U,A,H,G,A,H,U,H,U,U,D,U,G,H,U,A,A,X,X,-1,-1,-1,-1,-1
A,P,G,H,A,G,H,A,H,G,U,H,U,H,F,H,G,G,U,G,A,A,X,X,X,X,0,-1,0,0,0
A,P,A,H,G,H,U,H,U,H,U,H,A,A,G,G,H,A,U,G,A,U,X,X,A,X,-1,-1,-1,-1,-1
A,P,H,G,H,U,H,F,G,A,U,H,U,G,A,A,G,G,G,H,H,A,X,A,X,B,1,0,0,0,0
A,Z,H,A,A,G,G,H,G,G,A,U,G,U,G,A,U,A,D,U,F,U,X,B,X,X,-1,-1,-1,-1,-1
A,P,A,A,U,U,G,U,D,A,G,H,H,H,U,H,A,H,U,A,H,U,X,X,X,X,-2,-2,-1.33,-1.83,-1.83
A,P,A,A,G,A,H,G,G,A,U,H,U,U,H,H,U,A,U,H,H,G,X,X,X,X,-2,-2,-2,-2,-2
A,P,H,G,A,H,U,H,G,F,G,H,G,A,H,H,G,U,G,G,A,G,X,X,X,B,-1,-1,-1,0,0
A,P,A,H,G,A,U,A,U,U,D,U,G,G,U,H,G,A,A,U,H,H,A,X,X,X,-1,-1,-1,-1,-1
A,P,G,H,H,A,G,G,H,U,G,G,G,G,A,H,G,G,U,U,G,A,X,X,X,X,1,1,2,0,0
A,P,U,G,H,A,A,G,G,D,U,H,A,U,G,U,A,H,H,A,U,F,X,X,X,X,-2,-2,-1,-2,-1
A,P,H,H,G,G,H,A,A,F,H,A,G,G,A,G,H,U,U,G,U,H,X,X,X,X,0,0,1,0,0
A,P,U,G,H,G,A,G,A,A,H,H,G,U,G,U,G,U,U,A,H,A,B,X,X,X,1,1,1,1,1
A,P,A,U,U,H,G,H,G,H,G,A,U,A,A,H,U,G,G,A,F,G,X,X,X,X,0,0,0,0,-1
A,P,U,U,G,A,U,H,D,H,A,A,U,U,G,G,U,G,G,G,A,A,X,X,X,A,2,2,2,2,2
A,M,U,G,D,H,A,U,H,A,U,A,H,A,H,G,H,A,U,U,H,F,X,A,X,X,1,-1,-1,-1,-1
A,P,G,U,G,H,G,H,G,U,H,U,A,H,A,G,G,F,H,A,H,A,X,X,X,X,0,0,-1,-1,0
A,P,A,H,A,G,U,H,U,A,G,H,G,U,G,U,H,H,U,A,H,A,X,X,X,X,-1,-1,-1,-1,-1
A,P,A,G,A,U,G,A,G,H,H,G,F,U,U,A,G,G,U,A,H,H,X,X,X,X,0,0,0,-1,0
A,P,U,G,G,G,G,G,G,F,H,A,G,A,H,H,U,A,H,G,U,A,X,X,X,B,1,0,0,0,0
A,P,H,H,G,A,G,A,U,H,U,H,G,A,H,G,U,G,A,U,G,H,X,X,A,X,-1,-1,-1,-1,0
A,P,A,U,A,H,U,U,U,H,H,A,G,G,H,H,G,G,F,H,A,A,X,X,B,X,0,0,0,-1,-1
A,P,G,U,H,H,G,G,F,G,H,A,H,A,G,U,A,G,A,G,G,U,X,X,X,X,2,0,0,0,0
A,M,G,A,A,U,D,U,H,H,H,A,G,U,H,U,U,A,H,A,H,U,X,A,X,X,1,1,-1.5,1,1
A,P,U,A,G,A,A,A,G,H,H,H,F,G,U,A,H,U,H,G,H,U,A,X,X,A,0,0,0,0,1
A,P,A,H,G,H,H,H,G,H,U,G,A,G,H,U,H,H,U,A,U,A,X,X,X,X,-2,-2,-2,-1,0
A,P,A,A,U,H,G,A,G,U,H,A,U,H,A,U,H,H,U,H,H,H,X,X,X,X,-2,-2,-2,-1,-2
A,M,H,A,D,U,G,U,U,G,H,A,A,U,U,G,A,G,A,G,G,U,X,X,X,X,-0.17,-0.5,0.33,-0.5,0.67
A,P,A,G,H,G,A,A,H,A,U,G,H,U,U,U,G,A,H,U,H,H,A,X,X,X,-1,-1,-1,-1,-1
A,P,H,H,A,U,H,F,A,U,H,A,H,H,U,A,G,H,H,H,H,G,X,X,X,A,0,1,1,0,0
A,P,H,F,A,H,A,U,H,U,D,A,H,H,U,U,H,A,G,G,U,A,X,X,X,A,1.4,1.4,-0.4,1,-1
A,P,G,H,A,H,U,U,H,U,G,U,G,H,A,H,G,U,A,H,A,A,X,X,X,X,-2,-2,-2,-1,-1
A,P,U,G,A,U,G,G,G,U,G,G,G,G,U,G,A,G,A,U,A,A,X,X,X,X,1,3,1,3,3
A,P,H,H,A,H,H,A,H,H,U,H,G,G,U,H,G,H,H,F,A,G,A,X,X,X,0,0,-1,0,0
A,M,U,U,G,D,H,A,A,U,U,A,A,H,U,G,U,G,H,A,G,H,X,X,X,X,-1,-1,-2,-1.17,-1
A,P,G,A,G,H,U,A,H,A,G,U,H,F,U,G,U,A,H,A,H,H,X,X,X,A,0,-1,-1,0,0
A,P,U,G,G,A,A,H,G,H,H,H,A,H,H,A,U,H,F,U,G,H,X,A,X,X,-1,-1,-1,-1,0
A,T,U,H,H,A,H,A,G,U,F,H,A,D,U,H,H,A,A,U,U,G,A,X,X,X,-1,-1,-0.2,-1,-1
A,P,U,U,A,H,H,G,U,A,H,D,H,H,A,A,A,U,G,H,U,U,X,X,A,B,-1.5,-1.17,-1.5,-1.5,-1.5
A,P,A,G,H,U,H,H,G,U,A,H,G,H,U,H,F,A,G,A,H,H,X,X,X,X,0,-2,0,0,0
A,Z,G,U,A,H,U,G,A,G,U,A,H,G,A,U,A,U,U,G,D,G,X,X,X,X,0.17,-1,-1,-1,-1
A,P,U,A,A,U,U,H,A,G,G,H,G,A,U,G,A,U,H,G,G,H,X,X,X,A,2,2,2,1,2
A,P,H,H,H,G,H,A,U,H,U,H,A,G,U,G,A,A,U,G,U,A,X,X,X,X,-1,-1,-1,-1,-1
A,P,A,A,H,H,G,U,U,U,F,A,H,G,A,H,G,A,U,G,H,H,X,X,X,X,0,0,-1,0,0
A,P,A,H,G,U,G,G,U,H,U,G,A,H,H,A,A,G,H,F,H,G,A,X,B,X,-1,-1,-1,-1,0
A,P,A,G,G,H,A,U,H,U,A,D,G,U,G,H,A,A,U,H,U,U,B,X,X,X,-2,-2,-1.83,-2,-1.83
A,P,H,A,G,A,H,U,H,H,A,F,G,U,U,H,H,A,G,U,A,G,X,A,X,X,0,0,-1,0,0
A,P,A,G,G,A,G,G,A,A,U,G,U,H,U,G,H,F,H,G,G,H,B,X,X,X,0,0,1,1,0
A,M,G,D,A,U,G,G,U,G,A,G,G,A,U,A,A,G,U,G,U,U,X,X,X,X,0.17,0.67,1,1.33,1.67
A,M,U,U,U,D,A,H,H,U,G,A,A,G,G,U,G,U,A,A,G,G,X,X,B,X,2,-0.67,-1,2,2
A,M,G,G,D,U,G,A,G,U,A,U,H,U,F,G,G,A,A,A,U,H,X,X,X,X,-1,-1,-1,-1,-1
A,M,A,H,G,D,A,A,G,U,A,U,G,U,H,H,H,U,U,G,U,A,A,X,X,X,2,2,1,1.17,2
A,T,U,A,U,A,U,A,H,A,G,U,H,H,U,A,D,G,H,U,G,G,X,X,X,X,-1,-1,-1,-1,-1
A,Z,G,A,A,H,G,H,G,U,A,U,U,U,U,A,A,U,G,G,G,D,X,X,X,X,1.17,1.17,1,1.17,-0.5
A,P,H,A,U,A,H,G,G,U,D,A,U,A,A,U,H,G,U,U,H,G,X,X,X,X,-2,-1.5,-1,-1,-1
A,P,H,H,A,H,A,H,H,H,H,H,U,H,F,H,U,A,H,H,U,A,X,A,X,A,-3,-3,-3,-3,0
A,Z,G,G,F,A,A,G,H,U,H,G,U,U,G,A,U,U,A,D,G,A,X,X,X,X,1.6,1.6,2,1,0
A,P,U,A,G,H,H,G,G,A,G,G,U,U,A,A,G,U,U,G,A,G,X,X,X,X,2,2,2,2,2
A,P,U,H,U,A,U,G,H,U,G,G,A,G,A,G,G,H,A,H,U,A,X,X,X,X,1,1,1,-1,2
A,P,U,A,U,H,A,G,U,G,H,H,U,F,H,H,A,A,H,H,A,H,X,X,X,X,0,0,-1,0,0
A,P,A,G,H,U,U,H,H,U,A,A,G,G,A,G,U,A,U,G,H,G,A,X,X,X,1,2,2,1,1
A,P,A,H,H,A,U,G,A,D,H,U,G,A,A,H,U,G,U,U,U,G,B,X,X,X,-2,-2,-1.83,-1,-1
A,P,G,U,G,U,F,H,A,U,G,A,G,G,U,G,A,A,G,H,A,G,X,X,X,A,2,2,0,0,0
A,P,G,A,U,H,G,H,A,U,G,H,F,G,A,U,H,G,G,A,A,U,X,X,A,X,0,0,-1,0,0
A,P,U,H,A,H,G,G,A,D,A,G,U,U,A,H,H,U,A,U,U,G,A,X,X,X,1,1,1,1,1
A,M,H,D,A,A,U,A,G,U,H,U,U,H,U,H,A,U,H,H,G,A,X,X,X,X,-0.5,-1.33,0.67,-1.33,-1.33
A,P,G,U,H,G,A,G,U,F,D,A,U,A,G,A,U,H,U,G,A,G,X,X,X,X,1,1.6,1,1,1
A,P,G,G,G,G,A,H,G,A,G,A,H,G,U,G,H,U,U,H,H,H,X,X,X,X,1,1,1,0,0
A,P,A,G,U,G,G,H,H,A,H,A,U,H,H,U,H,G,A,H,H,F,X,X,A,X,0,0,0,-1,0
A,P,G,U,F,U,A,G,D,A,H,U,U,A,A,G,H,U,G,G,G,A,X,X,X,A,2,2,1,1,1
A,P,G,H,H,H,G,G,A,G,A,G,A,U,G,H,U,U,H,H,A,U,B,X,X,A,1,1,-1,-1,0
A,P,A,U,H,G,U,G,G,H,U,H,H,U,H,A,H,A,A,G,G,G,X,X,X,X,-1,-1,-1,-1,0
A,M,G,D,A,A,A,F,G,A,U,H,G,G,G,H,U,U,G,U,U,A,X,X,X,X,2,2,2,2,1
A,P,G,A,H,U,G,G,U,D,U,G,G,A,G,A,U,H,U,A,A,F,X,X,X,X,-2,-2,-2,-2,-2
A,P,G,A,G,G,A,A,H,U,H,H,G,F,G,U,G,A,U,G,H,G,X,X,X,X,0,0,-1,0,0
A,P,G,G,H,U,H,A,A,H,U,A,H,U,H,A,A,U,H,H,U,H,X,A,X,A,1,1,1,1,1
A,P,A,U,H,F,G,H,H,H,A,A,U,G,U,A,G,H,U,H,G,A,X,B,X,X,-1,0,0,0,0
A,P,H,A,H,H,H,G,G,A,H,H,H,U,U,U,A,H,U,A,U,A,X,A,X,X,1,1,1,-1,1
A,P,U,G,U,A,H,A,H,H,G,F,G,A,G,G,H,A,U,H,H,G,X,X,X,X,0,-1,0,0,0
A,P,G,U,A,H,A,G,U,H,A,H,G,U,A,G,H,H,G,U,H,G,X,X,X,X,1,1,1,1,0
A,P,G,U,A,H,A,D,A,G,U,H,U,U,A,A,U,H,G,H,F,G,X,X,X,X,-2,-2,0.6,-2,-2
A,P,G,A,U,G,U,H,A,G,G,F,G,A,H,G,H,A,G,H,U,G,X,X,X,X,0,-1,0,0,0
A,P,G,U,G,H,A,H,A,H,U,A,U,G,H,U,A,H,F,H,A,G,X,X,B,X,0,0,0,0,1
A,P,H,G,G,G,H,A,H,U,H,H,H,G,H,A,U,H,G,A,U,G,X,X,A,X,-1,-1,-1,0,0
A,M,A,H,D,A,U,A,U,A,U,H,G,F,G,G,A,U,H,H,U,G,X,X,X,B,-0.8,-0.6,-2,-2,-0.2
A,P,H,H,G,A,H,G,G,A,U,H,U,F,G,A,A,H,U,U,H,A,A,X,X,X,0,0,1,1,0
A,P,G,U,H,U,H,U,U,D,U,H,A,A,G,U,H,A,A,H,H,A,X,X,A,X,-2,-2,-2,-2,-2
A,M,A,H,U,D,H,H,A,U,U,A,A,H,U,U,H,H,H,U,A,H,X,X,X,X,-1.67,-2.83,-2.83,-1.5,-2.83
A,P,H,G,H,H,H,H,F,A,A,U,A,G,U,U,U,A,A,G,H,G,B,X,X,X,-2,-1,0,0,0
A,P,A,H,H,H,H,A,A,H,H,U,G,H,F,H,A,U,G,A,U,U,A,X,X,X,0,0,0,-1,0
A,P,G,G,A,A,H,G,A,G,U,U,G,G,G,G,F,H,G,U,A,G,A,X,B,X,0,0,1,0,0
A,Z,G,A,G,U,A,A,U,G,U,F,G,G,G,U,G,A,G,D,U,A,X,X,B,X,1,-1,1,2.2,2.2
A,P,A,G,G,G,U,H,G,A,A,G,U,H,H,H,G,H,U,H,H,H,X,X,X,X,1,1,1,0,0
A,P,G,G,A,H,F,H,U,G,A,A,G,A,A,H,U,H,H,U,H,U,A,X,X,X,-2,0,0,0,0
A,P,H,G,G,G,F,A,U,U,H,U,U,H,A,A,G,G,G,A,H,A,X,X,A,X,2,0,0,0,0
A,T,G,A,A,U,U,U,H,U,A,F,H,H,G,A,D,A,G,G,U,H,X,X,X,A,1,1,-1,2,1
A,Z,H,H,A,U,U,F,G,H,A,U,H,H,U,A,U,H,A,A,D,G,X,B,X,X,-2,1,-2,-1.6,-1.6
A,P,H,H,G,G,A,H,H,H,H,U,H,G,U,A,G,U,U,H,A,A,B,X,X,X,-2,1,1,1,0
A,T,H,A,U,G,U,H,A,U,A,A,H,D,U,H,H,A,G,U,U,H,X,X,X,X,-2,-2,-1.83,-1.83,-2
A,P,U,G,G,A,H,U,A,U,G,A,A,G,G,H,G,U,G,G,A,U,X,X,X,X,2,1,2,1,1
A,P,A,U,A,H,G,G,G,G,G,A,G,U,H,A,G,G,G,U,G,U,X,B,X,X,1,1,1,1,0
A,P,H,H,G,U,H,G,G,A,H,G,A,A,H,U,A,G,G,U,U,H,B,A,X,X,1,-1,-1,1,0
A,P,G,U,G,H,F,D,A,A,A,U,H,G,U,A,G,U,U,A,H,H,X,X,X,X,1,1,1,-2,1
A,P,G,A,U,G,G,G,G,G,A,U,G,A,U,G,G,A,U,G,A,U,X,X,X,X,1,1,1,-1,-1
A,P,G,H,A,H,U,D,U,H,A,U,F,H,U,H,U,A,G,H,A,A,X,X,X,B,-2,-2,-2,-2,-2
A,Z,F,U,G,H,G,A,U,U,A,G,G,U,G,A,G,H,A,U,D,A,X,X,X,X,1,1,1,2,2
A,P,G,H,U,G,H,G,G,F,U,G,A,H,A,A,H,H,G,G,G,H,X,X,X,X,-1,-1,-1,0,0
A,P,G,H,U,H,H,A,G,G,F,A,U,A,H,H,H,U,A,A,G,U,X,A,X,X,0,1,0,0,0
A,Z,H,A,U,A,H,H,A,H,H,G,G,A,U,U,H,A,D,U,U,U,X,X,X,X,-2,-2,-2,-2,-2
A,P,H,G,G,U,U,A,H,D,U,A,A,A,U,H,U,H,A,U,G,G,X,X,X,X,-0.5,-0.5,1,1,0.33
A,Z,H,G,U,G,H,U,H,A,A,U,A,U,U,A,A,H,H,H,U,D,X,X,X,B,-2,-2,-2,-1.83,-1.83
A,P,H,H,H,F,H,H,U,G,A,G,G,H,A,A,H,U,H,G,H,H,A,X,X,X,-1,0,0,0,0
A,P,G,U,A,F,G,G,G,U,G,A,H,H,G,G,U,G,H,H,A,A,X,X,B,X,-1,0,0,0,0
A,P,H,U,A,G,G,H,H,G,H,H,H,A,A,G,U,F,H,H,G,G,X,X,X,B,-1,-1,-1,0,0
A,P,A,A,G,A,U,A,U,G,G,D,U,H,H,H,G,F,H,U,A,U,X,X,B,X,-2,-2,-2,-1,-1
A,P,A,H,A,U,F,U,G,A,H,G,A,H,U,H,H,G,H,G,U,A,X,X,X,A,-1,-1,0,0,0
A,P,G,H,H,H,A,U,G,U,A,H,H,H,A,U,U,A,H,H,G,G,X,X,X,A,-1,-1,-1,1,0
A,T,G,H,G,U,A,H,U,U,A,G,D,A,U,G,H,U,U,A,H,A,B,X,X,X,-1.5,-1.5,-1.5,-1.5,-1.5
A,P,G,U,H,U,G,A,G,H,G,G,U,U,A,A,U,G,A,G,G,A,X,B,X,X,1,1,-1,1,1
A,M,A,U,D,G,G,U,A,U,U,G,G,A,G,A,H,H,G,F,U,A,X,X,X,X,1.4,2,1,1,0.8
A,M,U,D,H,U,A,F,G,A,H,U,A,G,U,A,G,G,U,A,H,H,X,A,X,X,0.6,0.6,1,-1,1
A,P,U,G,U,U,H,G,A,G,G,G,A,H,A,H,G,U,U,A,H,A,X,X,X,X,1,1,1,1,1
A,P,G,A,H,G,G,H,U,H,U,U,F,H,A,A,H,H,G,A,U,A,X,X,X,X,0,-1,-1,0,0
A,P,H,A,G,G,A,H,U,A,G,U,U,A,H,G,H,H,H,F,U,A,X,X,A,X,0,0,0,0,2
A,T,G,G,U,U,H,H,U,U,A,A,H,A,D,U,A,F,G,G,H,A,X,X,X,X,1,1,0.6,0.2,1.6
A,P,F,H,A,A,G,H,H,A,U,H,A,H,G,G,G,U,U,A,H,U,A,X,X,X,1,2,0,0,0
A,Z,A,H,A,F,U,H,A,H,A,A,U,G,H,U,H,U,D,H,U,G,X,A,X,X,-1,-1,-1,-1,-1
A,Z,H,H,G,U,U,U,A,A,U,U,G,A,G,G,U,A,D,G,G,A,X,X,A,X,2,2,1.17,2,2
A,M,U,H,H,D,A,A,U,A,G,U,H,H,H,A,G,A,H,U,U,U,X,X,B,X,-1,-2,-2,-1.5,-1
A,Z,U,U,H,G,H,G,U,G,A,H,U,H,F,A,A,G,A,D,A,U,X,X,X,X,1,1.2,1.2,0,0
A,P,G,A,U,U,G,U,U,G,A,G,H,A,G,A,U,H,G,H,H,A,X,X,A,X,1,2,1,1,1
A,P,A,U,U,H,G,G,U,H,H,U,U,A,H,H,G,A,G,A,A,H,X,X,X,A,-1,-1,-1,-1,-1
A,T,U,G,U,A,H,A,H,F,H,A,U,G,H,U,D,G,G,A,A,U,X,X,X,X,-2,-1,-1,-1,-1
A,M,H,H,D,A,H,H,G,U,G,H,U,U,H,A,U,A,A,F,A,U,X,X,X,X,-1.8,1,-2,-2,-0.2
A,P,G,U,A,H,H,G,U,G,A,H,H,A,H,U,F,H,G,A,U,A,X,X,X,X,0,0,1,0,0
A,P,U,H,A,U,G,H,G,U,G,A,H,A,G,A,U,H,G,H,H,G,X,X,X,A,1,2,1,1,0
A,P,A,H,U,U,G,H,U,A,H,H,H,A,U,A,H,F,G,G,A,G,X,X,X,X,0,0,0,0,1
A,P,G,H,H,G,A,U,U,G,G,F,H,A,H,H,H,H,H,A,U,A,B,X,X,X,-2,-2,-2,-2,0
A,P,G,U,A,A,U,H,G,U,G,A,F,G,A,A,H,U,H,H,G,G,X,X,A,X,0,0,0,2,2
A,P,A,G,A,U,H,A,G,U,U,H,H,U,G,U,G,H,G,A,G,A,X,X,X,A,-1,-1,-1,-1,-1
A,P,A,U,G,H,G,U,G,U,G,H,G,H,A,H,H,G,G,H,G,A,X,X,X,A,-1,-1,-1,0,0
A,T,F,H,A,A,G,A,G,G,U,U,G,D,U,H,A,U,G,A,G,U,A,B,X,X,1,1,1,1,1
A,P,G,U,A,U,A,G,A,U,H,G,F,A,G,H,G,A,G,U,H,H,X,X,X,X,0,0,0,1,0
A,P,G,U,A,G,H,H,F,G,H,G,G,U,A,H,U,G,H,H,A,A,X,X,X,X,-2,-2,-2,-2,0
A,P,H,H,A,H,A,G,F,H,U,G,G,G,U,A,A,U,H,G,H,G,A,X,X,B,-1,-1,-1,-1,0
A,Z,U,F,H,H,A,H,H,H,H,U,H,U,A,A,H,D,A,U,U,A,X,X,X,X,-0.2,1,-1,-0.4,-0.4
A,P,H,G,H,A,G,H,H,F,G,G,A,H,H,U,H,H,U,H,H,A,B,X,A,X,-1,-1,-1,0,0
A,P,G,H,G,U,U,H,A,H,H,H,H,A,A,G,A,U,U,G,U,A,X,X,X,X,2,2,2,2,2
A,P,G,A,G,A,G,G,A,H,G,U,G,F,U,A,H,A,H,U,H,U,X,X,X,X,0,0,0,-1,0
A,M,D,H,A,H,H,H,H,A,H,U,A,H,A,U,F,U,A,U,H,U,X,A,X,X,-1,-3,-3,-3,-3
A,M,G,A,G,D,U,U,A,U,G,A,U,A,G,U,G,G,G,G,F,A,X,X,X,X,3,1,-1,1,3
A,P,H,H,U,U,A,U,A,U,A,G,G,G,G,A,H,H,U,H,H,A,X,X,B,X,1,1,1,-2,1
A,P,G,G,U,U,A,A,G,H,G,U,H,G,A,F,G,H,H,A,A,U,X,X,X,X,0,0,-1,0,0
A,P,H,H,H,H,H,F,A,H,U,A,G,U,H,H,U,A,H,G,H,A,A,X,X,A,1,-1,0,0,0
A,P,A,G,H,F,G,A,H,H,G,G,U,G,G,A,H,G,G,U,H,H,B,X,X,X,-1,0,0,0,0
A,P,A,F,H,A,U,H,G,A,U,H,H,U,U,H,G,H,A,H,H,A,X,X,X,A,0,-1,0,0,0
A,P,H,A,H,U,H,U,A,U,A,H,H,H,A,U,H,F,H,G,G,A,X,X,X,A,0,0,0,0,-1
A,Z,H,H,A,U,U,A,G,H,U,G,A,H,A,U,H,H,D,U,U,A,X,X,A,X,-1,-1,-1,-1,-0.67
A,P,G,U,G,A,H,F,G,A,G,H,H,U,H,G,H,A,G,H,U,A,X,X,X,B,0,1,0,0,0
A,P,H,G,A,H,A,U,A,H,U,A,H,H,A,G,H,U,U,H,U,H,X,A,X,X,1,-1,1,1,1
A,M,D,H,U,U,U,G,F,H,G,A,G,U,A,G,H,U,A,A,A,H,X,X,X,X,1.4,-2,-2,-2,-2
A,P,H,A,U,H,A,G,A,U,G,H,H,U,G,A,G,U,A,G,U,G,X,X,X,X,1,2,1,2,1
A,P,G,H,G,U,G,F,U,A,A,A,H,H,A,H,G,U,H,H,G,G,X,X,X,X,2,2,2,0,0
A,P,A,G,G,U,A,U,H,U,U,D,H,G,H,A,H,A,A,U,G,U,X,X,A,X,-1,-1,-0.33,0,-0.33
A,Z,A,U,U,U,A,G,G,A,G,U,G,H,H,G,U,A,D,A,U,G,X,A,X,X,-0.67,-0.5,1,1.17,1.17
A,P,G,G,A,G,F,G,U,A,A,U,G,H,A,H,U,H,G,U,H,A,A,X,A,X,-1,0,0,0,0
A,M,H,F,G,A,D,G,A,U,U,G,U,G,U,H,U,A,A,G,A,G,X,X,X,X,0.4,2,2,2,1
A,M,U,D,G,A,A,U,U,A,H,G,G,U,A,G,G,A,H,G,U,U,X,X,X,X,2,2,2,2,2
A,P,H,F,H,H,U,H,G,G,A,G,H,U,H,A,H,G,A,H,H,H,X,A,X,X,1,0,0,0,0
A,P,H,H,A,A,A,U,G,G,D,G,U,A,G,U,U,A,G,U,G,U,X,X,A,X,-0.33,1.17,1.17,0,0.83
A,P,A,G,A,G,U,A,G,G,G,U,U,U,G,U,H,A,A,H,G,G,X,B,X,X,-1,-1,-1,-1,-1
A,P,G,A,F,A,H,A,U,H,H,A,U,H,U,H,H,A,U,H,G,H,X,X,X,X,0,-1,0,0,0
A,P,A,G,U,G,H,H,G,G,H,U,H,G,A,U,A,G,G,G,A,U,X,X,X,X,-2,-2,-1,-2,0
A,M,G,F,A,A,D,G,G,U,H,U,A,U,G,G,A,H,A,G,U,U,X,X,X,A,1.8,1.8,2,1,2
A,P,H,G,A,G,U,H,U,H,A,U,U,G,H,A,H,A,H,U,G,A,A,X,B,X,-1,-1,1,-1,1
A,P,H,H,A,U,G,H,U,H,G,G,G,G,H,H,H,U,H,A,A,G,X,X,X,X,-1,-1,-1,0,0
A,P,U,U,A,U,U,G,G,U,G,H,H,G,A,G,A,H,A,H,A,G,X,X,X,X,-1,-1,-1,-1,-1
A,P,G,H,U,U,H,G,H,A,A,H,U,F,H,U,H,A,H,A,A,H,X,A,X,X,1,1,0,0,0
A,P,H,H,H,U,A,H,H,A,H,A,H,H,G,H,G,H,U,U,F,A,X,A,B,X,0,0,0,1,0
A,T,A,H,U,A,G,G,H,U,H,H,A,U,D,U,G,G,F,A,A,U,X,X,X,X,-1,-2,-1.2,-0.6,-0.4
A,P,U,G,G,H,G,G,F,H,A,A,G,G,A,G,A,U,H,U,G,H,X,X,A,X,2,2,0,0,0
A,P,U,H,H,G,F,H,H,A,U,A,H,U,H,A,H,H,G,A,H,H,X,X,X,A,1,1,0,0,0
A,P,H,A,H,H,H,H,U,U,A,A,U,H,G,G,H,H,G,G,G,G,X,X,X,A,1,1,1,0,0
A,T,G,A,G,U,A,A,U,G,H,H,G,D,H,A,U,U,H,U,F,A,X,X,X,X,1,-2,1,1.4,-0.4
A,P,G,U,A,U,U,H,H,A,G,D,A,G,H,A,U,A,H,U,U,G,X,X,A,X,0,0,0.33,0.33,0
A,M,D,U,A,U,U,A,H,H,G,H,G,A,U,H,U,G,G,A,U,A,X,A,X,A,-1,-1,-1,-1,-1
A,Z,U,U,U,G,G,H,H,H,H,A,A,A,A,H,U,D,F,A,H,U,X,X,X,X,-2,-2,-2,-2,-0.6
A,M,A,F,D,H,U,A,U,H,A,U,H,H,A,H,G,U,U,H,A,G,X,X,X,X,-2,-2,-2,-2,-2
A,P,H,G,G,A,G,H,U,H,G,A,A,G,U,U,A,U,H,G,H,H,X,X,X,B,-1,1,-1,1,0
A,P,U,G,H,U,G,H,G,A,U,G,H,A,U,G,H,G,A,G,A,G,X,X,X,X,-1,-1,1,1,0
A,P,G,U,A,H,G,F,H,A,H,G,H,A,G,G,G,G,G,U,A,U,X,X,X,X,0,2,0,0,0
A,P,G,A,A,A,A,H,A,U,U,H,G,G,G,G,G,U,U,U,G,G,X,X,X,X,2,2,-1,-1,-1
A,P,G,G,U,G,U,G,G,U,A,G,H,U,A,G,H,A,A,G,U,A,X,X,X,X,2,2,2,2,2
A,P,H,H,A,U,H,U,A,H,G,A,U,G,A,G,A,G,U,H,F,H,X,A,X,X,0,1,1,0,0
A,T,U,A,U,G,G,U,G,U,A,H,U,G,H,D,G,F,A,G,A,A,X,X,X,A,2,1,2,2,2
A,P,G,A,F,U,A,G,U,G,H,A,G,G,U,G,U,A,G,G,A,H,X,X,X,B,0,1,0,0,0
A,P,H,A,H,A,U,H,U,U,H,D,A,F,U,H,H,H,H,U,A,A,A,X,X,X,-3,-3,-3,-3,-3
A,P,H,H,G,G,H,H,H,H,F,G,G,U,G,A,A,H,U,G,A,H,B,X,X,X,-1,-1,-1,0,0
A,P,G,G,A,U,H,G,H,U,F,H,H,H,H,H,H,A,H,H,G,A,A,X,A,X,-1,-1,-1,0,0
A,P,G,A,H,A,U,G,G,A,U,G,H,U,U,H,H,U,H,A,A,H,A,X,X,X,-1,-1,-1,-1,-1
A,P,H,G,H,F,A,U,G,A,D,U,H,A,U,H,H,A,U,U,A,H,A,X,X,X,-0.2,-0.2,-2,-2,-2
A,P,G,G,U,G,A,U,U,A,G,A,H,G,G,U,A,G,H,G,A,U,X,X,B,X,2,2,2,2,1
A,M,U,H,A,G,D,U,H,G,A,A,U,G,A,U,U,F,H,A,H,G,X,B,X,A,0.6,-1,-1,1,0.6
A,T,H,U,U,G,H,G,H,G,A,F,H,A,D,G,U,U,U,A,A,A,X,X,X,X,-2,1.4,-2,-2,-2
A,P,H,H,U,A,H,H,A,D,U,U,U,U,H,A,G,G,A,A,F,H,X,X,X,X,-2,0.6,-2,-2,-2
A,Z,A,U,H,G,A,G,H,A,G,A,G,U,A,G,G,U,D,U,U,U,X,X,X,X,-1,-1,-0.33,0.67,-1
A,Z,G,A,H,U,G,U,U,H,H,H,U,U,A,H,H,D,A,U,A,A,X,X,X,X,1,-1.5,-1.5,-0.33,-0.33
A,P,A,H,U,G,G,H,H,U,A,G,U,H,A,F,H,G,G,A,G,H,X,X,X,X,0,0,-1,0,0
A,Z,U,H,U,A,G,U,H,U,H,G,A,U,G,A,A,H,U,D,A,G,X,X,X,X,0.5,2,2,2,0
A,Z,A,U,U,G,G,A,U,A,U,A,U,H,G,H,A,H,U,H,D,G,X,X,A,X,1.17,1,1,-0.5,1.17
A,P,H,A,U,H,A,H,A,U,G,H,G,U,G,U,H,G,H,G,G,A,X,X,X,X,-2,1,-2,1,0
A,Z,G,A,U,U,A,H,G,G,H,H,U,U,H,G,A,F,A,U,A,D,X,A,X,X,2,1,1,2,2
A,P,A,H,U,H,A,U,A,G,D,U,H,H,H,U,H,A,U,F,A,G,X,X,B,X,-2,-2,-0.6,-2,-0.8
A,P,G,G,H,G,G,H,G,G,A,F,H,G,A,A,G,H,H,U,U,H,X,B,X,X,-1,0,0,0,0
A,T,U,G,H,F,G,U,U,U,G,A,H,A,A,D,A,U,A,H,H,G,X,X,X,X,1,2,2,2,1
A,P,G,U,G,H,A,G,G,G,U,G,F,A,A,H,U,H,G,H,A,G,X,X,X,A,0,2,2,0,0
A,P,U,A,U,H,H,G,G,G,G,G,G,G,H,A,G,A,G,H,G,U,X,X,B,X,-1,1,-1,0,0
A,Z,U,H,A,G,U,H,U,H,U,A,A,A,U,H,A,G,H,U,D,H,X,X,X,X,-0.67,-1.33,-0.83,-1.17,-1.83
A,P,H,G,U,G,A,H,G,G,G,A,G,A,G,H,H,H,U,U,H,G,X,X,X,X,1,1,1,0,0
A,P,G,H,G,U,G,A,A,U,G,U,H,A,G,U,A,G,H,G,G,H,X,X,X,X,1,1,-1,2,0
A,P,G,A,A,U,U,G,H,H,D,G,H,U,U,A,U,H,U,G,A,A,X,X,X,X,-1,-1,-1.33,0,0
A,M,U,D,U,U,H,A,H,H,A,G,A,H,U,A,H,G,F,U,H,A,X,B,X,X,-2,-2,-2,-2,-1.2
A,P,H,G,H,U,U,G,H,H,A,F,A,H,G,A,A,U,A,U,H,G,X,X,X,X,-2,0,0,0,0
A,M,G,H,H,A,D,U,U,A,U,A,H,A,G,H,U,U,H,H,A,U,X,X,X,B,-1.83,-2,-1.83,-2,-2
A,M,H,D,A,H,U,U,U,U,A,G,A,U,G,H,U,A,G,H,G,A,X,X,X,X,-1.33,-1.33,-1.5,-1.33,-1.33
A,P,H,G,H,U,G,G,A,A,U,H,H,F,G,H,G,H,A,A,G,U,X,X,X,X,2,2,0,0,0
A,P,G,G,G,G,U,G,U,G,G,G,H,U,H,G,A,A,G,A,A,F,X,X,X,X,0,1,1,1,0
A,Z,G,H,U,U,G,A,A,U,G,H,U,U,H,A,A,F,D,G,A,H,X,X,X,X,1,1,1,1,0.2
A,P,U,G,G,A,A,F,G,U,H,G,A,A,G,U,A,H,H,G,U,H,X,X,X,X,-1,-1,-1,-1,-2
A,T,U,H,A,A,A,G,F,U,A,U,U,H,D,G,G,G,U,H,A,H,A,X,X,X,1,1,1,2,-1
A,P,A,G,H,H,G,H,A,U,A,U,A,U,H,G,A,H,U,G,H,F,A,X,X,X,0,2,2,0,0
A,T,U,U,G,A,H,A,G,U,G,G,A,U,D,A,A,F,G,G,H,U,X,X,X,B,1,1,1,1,1
A,P,H,G,A,G,A,U,G,U,H,A,G,U,G,U,H,G,H,A,U,A,X,X,X,X,1,1,1,-1,-1
A,P,U,G,A,H,H,U,H,H,A,H,A,H,A,H,H,U,G,U,A,F,X,X,A,X,0,0,0,0,-2
A,T,H,U,A,A,U,H,H,H,A,U,A,H,U,F,D,U,H,H,A,H,X,A,X,B,-3,-3,-3,-3,-3
A,M,H,H,U,D,A,H,A,H,G,G,A,U,A,H,U,U,A,H,U,U,X,A,X,X,0,0.17,0.67,-0.33,0
A,P,A,U,A,U,H,H,G,G,A,A,H,H,G,F,G,G,U,H,G,H,X,X,B,X,0,0,1,1,0
A,Z,G,G,G,U,A,G,U,G,A,U,A,U,A,F,G,D,G,U,G,A,X,X,X,X,1,2,1,1,3
A,Z,H,A,A,A,U,G,U,H,H,H,G,A,H,A,U,H,F,U,U,D,X,X,X,X,-2,-2,-2,-2,-2
A,T,U,H,G,A,H,G,F,U,A,U,A,U,A,H,D,G,G,H,A,U,B,X,X,A,-2,-0.2,-0.6,-1,-2
A,P,G,A,U,H,U,A,D,G,G,A,G,H,A,G,U,G,U,A,U,U,X,X,X,X,1,1.33,0,1.17,1
A,P,G,G,A,G,H,A,A,H,U,H,U,G,A,G,F,G,U,G,H,G,X,X,A,X,0,0,0,1,0
A,P,U,F,A,H,G,D,H,U,H,U,H,A,U,U,G,H,A,A,H,A,X,X,X,X,-1,-2,-2,-2,-2
A,M,U,A,G,G,D,U,G,U,A,G,U,A,G,G,U,A,A,G,U,G,X,X,X,X,1.67,1.33,1,1,1
A,P,A,A,A,G,U,H,U,H,U,G,H,U,U,A,H,G,G,H,A,H,X,X,X,A,-1,1,1,1,-1
A,P,G,H,H,H,G,H,A,A,H,U,H,G,U,A,A,G,G,G,U,U,A,X,X,X,2,2,2,2,0
A,T,U,U,F,H,A,G,U,A,H,A,G,D,U,G,G,A,U,G,A,G,X,X,X,X,2,1,1,1,1
A,P,H,U,G,G,H,A,U,G,A,G,H,G,F,A,U,A,G,H,U,A,X,X,X,A,0,0,2,0,0
A,P,G,A,U,F,H,H,U,H,A,H,U,A,G,H,H,G,A,H,G,H,X,X,A,X,-1,0,0,0,0
A,P,G,H,G,G,A,U,A,U,A,G,U,A,H,U,U,A,H,H,G,G,B,X,X,B,-1,-1,-1,-1,-1
A,P,G,H,A,H,U,H,F,H,G,G,A,H,G,U,G,H,H,G,H,A,A,X,X,B,-1,-1,-1,0,0
A,Z,G,A,U,A,U,U,G,H,U,H,F,G,H,U,A,H,A,A,D,G,X,A,X,X,1,1,2,1.2,1.4
A,M,U,U,D,G,H,A,G,G,H,A,U,U,A,U,A,G,A,H,U,H,X,X,X,X,-1,-1,-1,-2,-0.33
A,P,A,G,U,H,H,U,G,F,U,G,G,G,U,A,A,G,H,A,H,A,X,X,X,X,-2,-2,-2,-2,-2
A,P,G,A,A,A,H,A,U,G,U,G,G,G,U,A,G,H,H,U,U,H,X,X,X,X,-1,-1,-1,-1,2
A,M,U,U,U,D,A,A,H,G,G,U,A,H,U,A,H,H,H,A,H,U,X,X,X,X,-2,-2,-2,-2,-2
A,T,H,G,U,A,U,U,G,H,U,U,A,D,H,A,A,U,A,G,G,H,X,X,X,X,1.17,1.5,1.5,1.5,1.5
A,P,H,A,G,A,U,F,G,U,H,A,H,G,G,G,H,H,H,U,G,A,X,X,X,X,0,0,-1,0,0
A,T,G,G,A,U,H,U,A,A,G,U,U,A,G,A,D,G,G,H,U,U,A,X,X,X,1,1,1,2,2
A,M,F,A,U,G,D,U,G,H,G,U,U,A,A,H,G,A,G,G,U,A,X,B,X,B,1,1,1,1,-1
A,P,A,G,U,G,U,G,A,A,D,U,U,G,A,H,F,A,U,G,G,H,X,X,A,X,1,2,2,-1,1
A,P,H,H,H,G,G,G,G,U,U,G,G,A,A,H,U,A,U,A,G,G,X,X,X,X,2,2,-1,2,0
A,Z,A,A,A,U,G,G,U,G,U,G,G,A,F,G,U,G,U,G,D,A,X,X,X,X,1,1,1,2,3
A,P,G,H,H,G,G,H,H,A,U,A,G,G,U,H,H,G,H,U,A,H,X,X,X,X,1,1,1,0,0
A,P,H,H,H,A,H,G,U,H,F,G,H,H,H,G,H,U,A,H,G,A,X,X,X,X,-1,-1,-1,0,0
A,Z,H,U,H,U,A,A,U,G,H,H,G,U,A,A,A,U,H,H,D,U,X,X,X,X,-2,-2,-2,-1.83,-1.83
A,P,A,G,U,H,G,H,A,G,U,H,U,U,A,H,U,H,A,A,G,H,X,X,X,X,-2,-2,-2,-1,-1
A,P,H,U,H,A,U,G,D,A,U,G,H,H,U,A,U,A,F,A,G,G,X,X,X,X,-1,-0.4,-1,-1,-0.4
A,P,H,H,H,H,H,H,A,H,U,G,G,U,H,A,U,G,G,A,A,F,X,X,X,X,0,0,-2,-2,0
A,P,H,U,G,H,A,H,A,G,A,U,H,H,A,H,H,U,U,G,G,H,X,X,X,X,1,1,-2,-2,0
A,P,U,G,A,G,U,A,A,U,D,G,U,A,G,A,H,G,G,U,U,H,X,X,A,X,1.17,0.17,0,0.5,0.83
A,P,F,H,G,H,H,U,A,H,H,A,U,H,A,G,U,A,G,A,G,U,A,X,X,X,-1,-1,0,0,0
A,P,A,G,U,H,A,U,U,A,A,H,U,G,H,A,G,H,G,H,H,U,X,X,A,X,1,1,1,1,1
A,M,D,A,H,G,H,G,A,H,U,G,U,A,U,H,U,A,G,U,U,A,X,A,X,X,1,1.17,1,-0.67,1.5
A,P,U,G,A,A,G,G,A,A,U,H,G,H,G,U,A,U,G,H,U,H,X,X,A,X,2,2,2,2,2
A,Z,G,A,H,U,G,H,A,A,A,U,G,H,U,G,U,D,U,U,A,H,X,X,X,X,-1.83,-1,-1,-1.83,-1
A,P,G,H,G,A,G,A,G,A,U,A,H,G,G,U,A,G,U,U,G,F,B,X,X,X,0,2,2,2,0
A,P,H,A,A,U,U,H,U,A,H,H,U,A,A,H,H,G,G,H,H,U,X,X,X,A,-1,-1,1,1,1
A,P,H,H,G,H,G,U,G,U,A,H,F,U,G,A,A,G,A,G,G,G,X,X,X,X,0,2,2,0,0
A,P,U,U,G,A,H,U,A,G,H,A,G,H,G,H,G,F,A,A,U,G,X,X,A,X,0,0,0,1,1
A,P,H,A,U,H,H,H,G,U,F,H,H,A,U,A,A,G,U,G,A,G,X,X,X,X,-2,-2,-2,-2,-2
A,P,G,A,H,A,H,G,H,A,U,F,A,H,H,H,H,H,H,U,H,U,A,X,A,X,0,0,-1,0,0
A,P,U,A,H,H,A,H,G,G,H,H,U,H,G,G,F,H,H,G,A,G,X,X,A,X,-1,-1,-1,0,0
A,Z,G,A,H,A,A,H,U,H,U,A,H,G,U,A,G,U,U,D,G,U,X,X,X,X,-1,-1,-1,-2,-1
A,P,G,G,H,H,G,G,G,A,G,A,A,H,A,U,H,G,G,U,U,U,X,X,A,X,2,2,1,1,0
A,P,H,A,U,G,A,U,G,G,H,A,H,G,U,U,G,H,A,H,G,H,X,X,X,X,-1,2,2,1,0
A,P,U,H,A,U,H,A,H,A,G,G,G,G,G,G,U,H,F,H,H,A,A,X,B,X,0,0,0,1,0
A,P,G,G,G,H,G,U,G,A,H,G,H,A,U,H,G,G,U,H,H,A,X,X,X,X,1,1,1,0,0
A,M,U,H,A,D,H,A,U,G,H,F,U,H,G,A,U,A,U,A,H,H,X,X,A,X,-1,-2,-2,-2,-2
A,P,H,H,H,U,U,H,H,H,A,H,G,G,A,H,H,G,U,G,A,H,X,X,A,X,1,1,1,0,0
A,P,A,F,G,H,A,D,U,H,U,H,G,U,A,A,U,A,U,H,G,G,X,X,X,X,-2,-0.6,-2,-2,-2
A,P,A,U,F,G,G,H,G,G,H,G,H,A,G,G,A,U,G,U,H,A,X,X,X,X,1,0,0,0,0
A,P,U,A,H,A,H,H,H,U,A,H,H,H,G,H,A,G,H,U,H,U,X,X,X,X,1,1,1,-2,0
A,T,A,U,H,U,A,H,U,G,U,A,A,G,H,U,D,A,G,G,U,H,X,X,B,A,-1,-1,-1,-0.67,-1
A,T,U,G,G,G,G,G,A,U,A,U,D,G,U,A,G,G,A,A,U,F,X,X,X,X,1,1,3,-1,-1
A,Z,A,G,U,U,U,A,F,U,G,H,G,A,A,G,G,A,G,U,H,D,X,X,X,X,2,1,1,1,0.4
A,Z,H,A,G,A,U,H,U,U,A,G,U,G,H,A,H,G,U,A,D,U,X,X,A,X,-1,-1,-1,-1,-0.5
A,M,H,D,A,U,H,H,A,A,A,G,A,G,U,G,U,G,U,F,U,H,X,X,X,X,0.8,-1,-1,-2,1
A,P,A,A,G,G,U,H,U,G,H,G,G,A,H,H,H,H,H,H,G,F,X,X,X,X,-1,-1,-1,0,0
A,P,H,A,H,A,H,F,H,G,A,A,H,U,U,H,A,H,U,G,H,U,X,X,X,X,0,0,1,1,0
A,P,U,G,G,U,A,H,U,H,G,G,G,H,A,A,U,H,A,G,G,G,B,X,X,X,2,1,1,1,0
A,P,U,A,H,U,H,G,H,G,A,U,A,G,H,H,G,H,H,U,H,A,X,X,X,X,-2,-2,-2,-1,0
A,P,H,A,H,H,G,U,A,U,H,G,U,F,H,G,A,G,A,H,G,G,X,X,X,X,0,0,1,0,0
A,P,U,G,H,H,A,A,D,H,A,U,G,A,F,G,H,U,U,U,A,G,A,X,X,X,-1,1.4,2,-1,-1
A,T,U,G,G,G,U,A,A,U,H,G,D,G,U,A,F,A,G,U,H,A,A,X,X,X,1,1,-1,1,1
A,P,H,G,H,G,A,H,H,H,U,U,H,H,H,G,U,H,A,H,G,A,A,X,X,X,-1,-1,-1,0,0
A,P,A,A,G,U,H,G,D,U,G,U,A,H,U,H,A,U,A,H,U,G,X,X,X,A,-1,-1,-1,-1,-1
A,T,G,G,G,U,U,A,H,U,G,U,A,D,H,G,U,G,A,U,A,A,A,X,X,X,0.5,0.5,0.67,0.5,1.17
A,P,H,U,A,G,A,U,G,A,D,U,A,G,U,H,H,A,G,H,U,F,X,X,X,X,-2,-2,-1,-2,-1
A,P,G,H,F,U,G,A,G,G,H,U,H,A,A,G,G,A,U,H,G,G,X,B,X,X,1,0,0,0,0
A,Z,A,F,A,G,U,U,U,G,U,G,G,H,A,H,A,H,D,U,A,H,X,X,X,X,1,0,-1,-1,-0.4
A,P,H,A,G,A,G,A,A,A,H,U,G,U,G,H,U,H,G,G,U,U,A,X,X,X,1,1,1,2,2
A,Z,A,H,H,U,A,H,A,U,U,A,H,H,U,H,U,U,H,H,A,D,X,X,X,X,-1,-1.5,-0.83,-1,-0.83
A,P,A,H,H,A,H,A,H,A,H,A,U,F,H,U,H,U,U,H,G,G,X,X,X,X,0,0,1,1,1
A,P,H,H,A,A,U,H,H,A,G,U,G,U,U,A,G,G,H,A,H,U,X,X,X,X,-2,-2,-2,-1,-2
A,P,H,G,G,A,G,G,G,A,G,A,U,H,G,A,A,G,U,U,F,U,A,X,B,X,0,2,2,0,0
A,P,H,G,H,G,A,H,U,H,G,H,H,H,A,H,A,G,U,U,H,H,X,X,A,X,-1,-1,-1,0,0
A,P,U,H,A,H,U,H,A,A,G,H,H,G,H,H,A,F,G,H,U,G,A,X,X,X,0,1,1,0,0
A,P,H,H,H,U,A,G,U,H,G,U,G,A,H,G,H,A,U,G,G,A,B,X,A,X,1,-1,-1,1,0
A,P,H,H,A,G,A,A,A,U,D,U,H,H,U,H,G,U,H,U,A,F,X,X,X,X,-1,-1,0,-0.2,-1
A,P,G,U,A,U,H,A,A,H,H,G,H,H,H,G,A,G,H,H,U,U,X,X,B,A,-1,1,1,1,0
A,T,H,G,A,U,A,G,U,G,G,H,U,U,A,D,U,A,G,G,A,F,X,X,X,X,-1,-1,-0.4,-1,-1
A,P,A,A,G,H,U,G,G,A,H,A,H,A,U,G,F,U,U,H,G,G,A,X,X,X,0,0,0,0,1
A,P,F,A,A,G,G,G,G,A,A,H,A,U,U,G,U,G,G,G,U,H,X,X,X,A,2,2,0,0,0
A,P,A,G,G,H,H,G,A,H,G,U,U,H,F,G,H,H,A,H,H,G,A,X,X,X,0,1,0,0,0
A,P,G,U,A,A,U,A,H,A,H,A,U,G,U,U,G,G,H,G,G,H,X,X,X,A,1,1,2,2,2
A,P,G,G,A,A,H,U,U,G,U,H,H,G,G,G,A,H,G,U,G,A,X,X,A,X,-1,-1,-1,2,0
A,P,H,U,U,H,H,A,H,A,G,A,G,U,H,H,G,F,U,A,A,G,X,X,X,X,0,0,0,1,1
A,P,G,A,U,H,U,U,H,H,A,A,H,U,H,A,H,U,A,G,G,G,X,X,X,A,1,1,1,1,1
A,P,U,H,A,H,H,U,U,U,G,H,A,A,H,G,U,H,H,H,A,A,X,X,X,A,-1,-1,-1,-1,-1
A,M,U,A,D,U,G,G,A,G,A,H,U,U,U,H,A,U,G,A,G,G,X,X,X,A,1.17,1,-0.67,-0.67,1
A,P,H,G,A,U,U,A,A,D,G,U,U,H,H,H,U,A,G,U,A,G,X,X,X,X,0.33,-0.67,-0.67,0,-0.5
A,P,G,F,G,G,G,G,G,A,H,H,A,U,U,A,G,G,U,G,G,A,X,X,X,X,2,0,0,0,0
A,P,H,H,H,G,H,U,A,A,F,G,G,G,U,H,G,U,G,A,A,H,B,X,X,X,-1,-1,0,0,0
A,P,A,H,G,G,A,U,H,U,U,U,A,G,A,G,H,G,U,A,G,H,B,X,X,X,-1,-1,-1,-1,-1
A,M,G,U,D,U,H,A,G,U,G,U,H,G,A,U,A,A,U,A,H,H,X,X,X,X,-2,-2,-2,-2,-2
A,P,G,H,A,A,H,H,G,G,U,G,H,A,A,U,H,U,G,H,U,G,A,X,X,X,-1,-1,1,1,0
A,P,H,G,U,H,H,H,U,A,G,A,A,U,H,A,G,U,A,H,U,G,X,X,X,X,1,1,1,1,1
A,P,H,U,G,H,U,D,A,G,G,H,G,F,U,U,A,A,H,A,A,U,X,X,X,A,0.6,0.8,1,1,1
A,M,G,G,G,U,D,A,F,U,G,G,U,U,A,A,A,U,G,G,A,G,B,X,X,B,1,-1,-1,-1,-1
A,P,U,G,A,A,G,F,U,G,G,H,U,G,H,H,H,G,A,U,A,A,X,X,X,X,-1,-1,-1,-1,-1
A,P,G,U,G,U,H,H,G,H,A,U,H,U,A,G,A,G,A,G,H,H,X,A,X,X,-1,1,1,1,0
A,M,U,U,A,D,A,H,H,G,A,U,U,G,H,F,H,G,U,G,A,A,X,B,X,X,-1,-0.6,1,-2,-2
A,P,U,U,H,H,A,G,U,G,H,G,G,G,G,A,A,G,U,G,H,A,X,X,A,X,1,1,1,1,0
A,P,H,U,H,H,A,A,U,A,H,G,H,H,G,U,U,G,A,U,G,A,X,X,X,X,2,1,2,1,2
A,P,H,G,H,H,U,H,U,H,G,F,G,H,G,G,H,A,G,H,A,A,A,X,X,X,-1,-1,-1,0,0
A,P,G,F,G,H,G,G,H,A,H,U,U,A,H,A,A,U,H,G,G,H,X,X,X,A,1,0,0,0,0
A,P,U,H,A,H,A,H,A,H,A,U,H,H,G,U,G,G,G,U,H,H,X,A,X,X,1,1,1,-1,0
A,P,H,H,U,U,A,H,H,F,A,H,H,U,A,H,H,H,U,H,A,A,X,X,X,X,0,1,0,0,0
A,T,H,A,U,U,U,A,A,H,A,U,D,G,U,G,A,H,F,H,G,G,X,X,X,X,-1,-1,-1,-1,-0.4
A,P,U,H,H,A,A,H,A,A,U,H,G,H,U,G,G,H,H,U,H,G,X,X,X,X,1,1,1,1,0
A,T,G,A,G,F,U,G,G,G,U,A,D,A,G,U,A,A,G,G,U,U,X,A,X,B,1,-1,3,3,1
A,P,A,H,G,A,U,U,A,F,D,G,A,A,U,G,H,U,G,G,U,G,B,X,X,B,-1,-1,-1,-1,-1
A,M,A,H,D,U,H,G,A,A,A,U,H,H,H,A,U,U,H,U,G,U,X,X,A,X,-1.33,-1,-1,-2,-1.83
A,P,U,G,H,A,H,H,G,G,A,A,H,A,H,H,F,G,G,U,U,G,B,X,X,X,0,0,0,-2,0
A,P,A,H,A,G,G,H,G,H,A,H,G,U,H,H,U,H,H,G,G,F,X,X,X,X,0,0,1,0,0
A,P,H,H,A,H,A,G,G,U,A,H,A,H,G,U,H,U,G,U,U,A,A,X,A,X,1,-1,1,1,1
A,Z,G,G,A,F,G,U,H,H,H,U,A,U,A,H,A,U,G,A,D,U,X,B,X,X,-2,-2,-2,-2,-1
A,T,G,U,U,A,G,A,U,G,A,G,G,A,F,U,D,G,U,G,A,G,X,X,X,X,1,2,1,2,1
A,P,A,H,A,A,G,G,H,D,H,F,H,H,U,A,U,H,U,A,U,U,A,X,X,X,-1,-1,-1,1,1
A,P,H,U,H,U,H,U,A,G,D,A,G,U,A,G,A,U,A,G,H,U,X,X,X,A,1,0.83,0.83,1.17,1.17
A,P,G,G,A,G,U,U,F,A,G,G,H,U,U,G,H,A,H,A,H,A,X,X,X,X,0,-1,0,0,0
A,P,G,G,U,H,U,A,A,H,G,H,U,H,G,G,A,U,A,G,H,H,X,X,X,X,1,1,1,1,0
A,P,G,U,A,U,H,G,H,A,U,U,G,G,H,A,H,G,H,H,A,G,X,X,B,A,-1,-1,-1,-1,0
A,Z,H,G,H,A,U,G,U,U,A,U,G,U,H,A,G,U,A,A,D,H,B,X,X,X,-2,-2,-1.5,-0.67,-0.67
A,P,A,H,H,H,H,H,H,A,G,U,H,U,H,H,F,U,H,A,A,G,X,X,X,A,0,1,0,0,0
A,P,A,A,U,U,U,D,U,H,A,H,H,H,H,U,A,H,G,A,U,G,X,X,B,X,-2,-2,-1.17,-1.83,-2
A,M,H,D,U,U,A,A,H,H,H,F,A,A,G,U,G,H,A,U,H,U,X,A,X,X,0.8,-1,-1,-1,-1
A,P,G,U,U,H,H,G,A,A,U,A,H,F,A,G,G,A,H,G,U,G,X,X,X,X,0,0,0,2,0
A,P,A,F,H,G,G,H,H,A,U,H,H,G,H,G,H,A,H,U,H,H,X,X,X,X,-1,0,0,0,0
A,P,H,H,A,U,F,A,U,G,A,U,G,H,G,A,G,A,U,H,H,H,X,X,A,X,-1,0,0,0,0
A,P,H,A,G,A,G,U,G,G,G,A,U,F,U,G,G,G,A,U,H,A,X,B,X,X,0,0,1,0,0
A,Z,H,H,A,A,U,U,U,A,G,H,G,U,A,U,G,U,H,A,G,D,X,X,X,X,-0.67,-0.67,-1,-0.67,-1
A,M,U,A,G,U,D,G,U,G,H,H,A,A,A,G,U,A,H,F,U,H,X,X,X,X,-1,-2,-2,-2,-1
A,P,A,U,H,A,H,U,G,U,H,A,G,G,H,H,H,A,G,F,A,U,X,X,X,X,0,0,0,0,-1
A,P,H,G,H,A,H,U,H,G,G,A,U,H,A,U,A,U,H,H,H,G,B,X,X,X,-2,1,-2,1,0
A,P,H,G,A,G,G,H,U,G,H,U,A,H,G,U,U,G,A,H,A,H,X,X,B,X,-1,-1,-1,-1,0
A,P,A,U,U,F,G,G,A,H,A,H,U,G,H,G,A,H,G,G,H,H,X,X,A,B,-1,0,0,0,0
A,M,U,D,A,G,U,U,A,G,G,U,H,U,U,A,H,H,H,A,A,G,X,A,X,X,-0.5,-0.67,-1,-1,-1
A,P,U,A,G,G,G,G,A,G,U,G,U,U,G,G,A,A,G,G,A,U,X,X,X,X,3,2,3,2,1
A,P,A,A,U,U,U,U,G,D,G,U,H,H,A,H,G,A,F,A,G,H,X,X,X,X,-1,-1,-1,-1,-1
A,P,A,H,G,H,H,H,H,H,H,U,U,A,H,A,F,H,H,U,A,G,A,X,X,X,0,-1,-1,0,0
A,P,A,F,G,H,U,G,H,A,H,H,A,U,U,A,G,H,G,U,A,H,X,A,X,X,-1,0,0,0,0
A,P,H,U,U,U,H,U,G,A,G,D,H,A,A,H,H,A,A,U,U,H,X,A,X,X,1,1,1,-1,-1
A,Z,A,U,H,U,U,G,A,G,H,A,U,A,A,U,H,H,U,H,H,D,X,A,X,X,-2,-1.83,-1.83,-1,-1
A,Z,U,H,U,F,U,A,U,A,A,H,H,G,U,A,G,A,G,D,H,G,X,X,X,X,1,1,1,1,1.4
A,P,G,A,G,G,H,U,D,H,U,A,G,G,U,U,U,A,U,G,A,A,X,X,X,X,0.33,-1,-1,0.17,0.17
A,P,H,A,H,A,G,H,H,H,H,U,H,H,H,H,H,G,U,A,H,U,X,X,A,X,-1,-1,-1,0,0
A,T,A,H,A,U,G,H,A,A,U,U,U,H,D,F,G,A,G,H,U,G,X,X,X,A,-1,-1,-1,-1,-1
A,P,U,H,A,G,H,H,U,G,U,G,H,G,A,H,A,U,U,A,A,H,A,X,X,X,1,1,-1,1,1
A,P,H,U,H,U,H,G,G,U,A,A,H,G,H,G,G,A,H,U,A,G,X,X,B,X,1,1,1,1,0
A,P,U,U,G,U,A,U,A,H,G,H,A,H,G,F,A,H,G,G,A,G,X,X,A,B,0,0,0,1,0
A,P,A,H,G,H,U,H,U,G,H,U,U,A,A,A,A,H,U,G,H,G,X,X,X,X,-2,-1,-1,-1,-1
A,P,A,H,H,H,H,A,U,U,U,H,H,U,G,G,A,A,G,A,G,F,X,X,X,X,0,0,0,-2,-2
A,P,A,A,H,H,A,U,A,G,G,U,H,G,U,A,G,U,H,G,G,U,X,X,X,A,1,1,1,1,2
A,P,H,U,G,G,A,G,A,G,U,U,H,F,A,H,H,A,H,H,H,H,X,X,X,X,0,0,-1,0,0
A,P,U,U,G,A,G,A,G,U,H,A,G,U,H,U,G,G,G,A,A,G,X,X,X,X,2,2,2,2,2
A,M,U,D,G,H,G,A,H,U,A,G,F,A,A,U,U,G,G,U,A,G,X,X,X,X,1,-1,0.8,0.8,-1
A,P,G,G,H,H,A,A,A,U,A,A,G,U,H,H,U,U,F,H,G,H,X,X,X,X,0,1,1,1,1
A,P,H,F,G,G,H,G,U,H,A,A,U,H,G,H,G,U,H,A,G,A,X,X,X,X,1,1,0,0,0
A,P,H,H,H,H,H,H,H,A,U,U,H,U,H,A,G,H,A,G,H,H,X,X,X,X,-2,-2,-2,0,0
A,P,G,G,A,G,G,G,U,H,U,H,H,G,H,F,H,A,H,H,A,H,X,X,X,X,-2,-2,-2,0,0
A,P,H,U,H,G,H,H,U,G,U,G,U,U,G,A,A,A,G,A,A,G,X,X,X,A,2,2,1,1,1
A,P,A,G,G,A,U,H,G,A,U,G,A,U,H,G,A,H,G,H,F,U,B,X,X,B,0,0,-1,0,0
A,P,H,U,A,H,A,G,H,H,H,H,H,A,H,G,U,U,F,H,H,A,X,X,A,X,0,0,0,1,0
A,P,G,U,A,G,G,U,H,H,A,H,G,G,A,U,H,H,A,H,G,U,X,X,X,X,-1,-1,1,1,0
A,P,H,G,H,H,A,H,U,U,G,U,G,G,A,U,A,H,A,U,A,H,B,X,X,X,-2,-2,-1,-2,-1
A,P,G,G,U,U,U,G,A,H,H,A,A,H,A,H,H,G,H,U,H,H,X,X,X,X,1,1,1,1,0
A,P,A,H,G,H,U,G,G,A,G,G,G,G,U,G,U,A,F,G,A,G,B,X,X,X,0,0,0,1,0
A,P,G,A,U,U,U,U,G,G,U,G,G,H,A,A,A,G,H,G,A,G,X,B,X,X,-1,-1,-1,-1,-1
A,Z,U,A,G,U,G,H,U,H,G,H,A,A,G,U,A,H,U,D,U,A,X,X,X,X,0.17,-1,-1,-1,-1
A,T,G,U,A,U,A,U,H,H,F,A,A,D,H,A,G,H,H,H,U,U,X,X,X,B,1,-2,1,1,0.6
A,Z,U,A,U,A,H,A,G,U,G,G,H,G,A,U,A,D,U,F,G,G,X,X,X,X,2,1,2,2,1
A,P,A,G,H,U,H,A,A,H,G,U,U,U,G,G,A,G,H,G,H,H,X,X,X,X,-1,-1,-1,-1,0
A,M,U,A,G,U,D,U,A,G,F,G,A,H,U,A,A,U,H,G,G,G,X,X,X,A,2,2,2,2,2
A,P,A,G,H,G,H,G,A,U,H,G,H,G,F,A,G,G,H,U,G,H,X,X,X,X,0,0,1,0,0
A,P,H,A,U,A,H,G,H,U,A,H,A,U,G,U,H,H,H,U,A,H,X,X,X,X,-2,-1,-1,-2,-1
A,Z,U,G,H,U,A,A,A,U,U,H,F,A,G,H,A,G,G,D,H,U,B,X,X,X,-2,-2,-2,-1.2,-1
A,P,H,A,G,A,G,U,G,H,G,A,H,U,G,G,G,H,U,H,G,H,X,B,X,X,-1,-1,1,0,0
A,P,U,H,U,H,G,A,H,G,G,A,F,G,H,A,A,G,H,H,G,U,X,X,B,X,0,0,1,1,0
A,P,G,H,H,H,H,A,A,A,U,G,G,G,U,A,H,H,U,U,A,F,B,X,X,X,0,0,0,0,-2
A,P,A,A,H,G,U,D,H,U,U,U,F,H,G,H,H,H,A,A,A,U,A,X,B,X,-1,-1,-1,-1,-1
A,P,H,U,G,U,A,A,G,A,H,F,U,U,G,A,H,G,G,H,A,G,X,X,X,X,0,1,1,0,0
A,P,U,A,G,G,U,G,U,H,A,A,A,U,G,U,A,H,H,G,G,H,X,X,X,B,1,1,1,-1,1
A,P,F,H,U,G,H,G,H,U,U,H,G,G,H,A,A,A,U,A,A,H,X,X,X,X,-2,-2,-2,-2,-2
A,P,H,H,H,A,G,G,A,A,H,H,H,U,H,A,H,U,U,H,H,U,A,X,X,X,1,1,1,1,0
A,P,G,G,G,U,A,A,G,G,F,A,G,U,A,G,G,G,A,G,U,U,B,B,X,A,0,0,3,0,0
A,P,G,G,H,A,F,H,G,A,H,U,H,U,G,H,U,H,G,A,G,A,B,X,X,A,-1,0,0,0,0
A,M,D,U,U,A,U,U,H,A,G,H,U,G,A,A,A,G,U,G,H,H,X,A,X,X,-0.67,-1,-1,-1,-1
A,P,U,H,U,H,A,U,G,U,D,G,H,U,A,G,A,G,U,H,A,A,X,X,X,X,-1,-0.33,0,0.83,0.83
A,Z,F,G,A,H,A,A,U,U,G,U,G,G,G,H,U,U,A,A,D,G,X,X,B,X,1,1,1,-1,-1
A,P,A,F,H,U,U,G,H,H,U,H,H,H,H,A,U,G,H,A,A,A,X,A,X,X,-1,0,0,0,0
A,P,G,H,U,U,U,A,A,F,A,D,U,G,H,G,G,U,G,A,A,G,X,X,B,A,1,1,2,1,1
A,P,G,U,G,H,H,A,A,G,G,U,G,U,A,G,G,H,G,A,U,H,X,X,X,X,1,1,-1,1,0
A,P,A,U,G,G,H,H,A,U,U,G,G,G,A,H,G,H,H,A,U,H,X,X,X,X,-1,-1,-1,-1,0
A,P,G,U,A,G,U,G,A,U,U,H,G,H,H,H,U,A,H,A,H,A,X,X,X,A,-1,-1,-1,-1,-1
A,Z,A,G,G,G,A,A,H,U,U,U,U,H,U,A,G,G,A,D,G,U,A,X,X,X,1.5,1.17,0.83,1.17,0.83
A,P,U,H,U,G,A,U,H,H,H,A,A,A,G,U,H,U,H,G,A,G,X,X,X,B,1,1,-2,-2,1
A,P,H,U,H,A,G,G,H,U,G,A,H,H,U,H,G,G,G,H,A,H,X,X,X,X,1,1,1,0,0
A,P,H,H,H,U,H,A,U,H,G,H,A,H,A,H,G,H,U,U,H,A,X,X,A,X,-1,-1,-1,1,0
A,M,A,U,H,A,D,U,H,U,U,H,A,H,H,A,H,H,H,F,U,A,X,X,B,X,-1.8,-1.2,-3,-3,-2
A,P,U,G,H,H,A,U,U,G,G,U,H,H,G,G,A,H,G,A,A,H,X,X,X,X,-1,-1,-1,-1,0
A,P,G,H,A,A,U,G,U,U,G,U,G,A,H,G,H,U,H,A,A,G,X,X,A,X,-1,-1,-1,-1,2
A,T,H,A,U,A,H,U,A,H,U,G,U,U,G,F,D,A,H,A,H,H,X,X,X,X,-2,-2,-1,-2,-2
A,P,F,H,H,G,A,H,U,H,H,G,H,U,H,A,G,U,G,A,H,A,X,X,X,X,1,0,0,0,0
A,P,F,H,A,A,U,U,U,G,H,H,U,G,A,H,H,G,H,A,G,A,A,X,A,X,1,1,0,0,0
A,P,A,G,A,G,H,A,G,U,H,U,G,A,U,H,H,U,A,U,G,G,X,X,X,X,-1,-1,-1,-1,-1
A,P,A,G,G,A,H,H,U,U,G,F,G,A,U,U,A,G,G,A,G,G,X,X,X,A,-1,-1,-1,-1,-1
A,P,G,U,A,U,U,H,G,A,A,G,G,U,F,A,A,H,G,H,H,G,X,X,X,A,0,0,0,2,2
A,P,H,H,A,H,A,G,A,G,U,H,U,U,G,G,G,G,G,U,G,A,X,X,X,X,1,1,1,1,0
A,P,H,G,H,U,H,A,H,U,A,G,F,G,U,G,G,U,A,A,G,A,X,X,X,X,2,2,0,0,0
A,P,A,A,G,H,G,D,G,U,A,U,H,A,G,H,U,U,F,A,H,U,X,X,X,X,-2,-2,-1,-2,-0.8
A,P,H,U,U,A,G,H,H,A,U,H,A,H,A,H,H,U,H,U,G,A,X,X,X,X,1,-2,-2,-2,1
A,P,G,H,U,A,U,H,U,A,H,G,G,G,H,H,H,U,A,A,A,U,X,X,A,X,-1,-1,-1,-1,-1
A,P,G,H,H,U,G,D,A,A,U,U,A,H,H,A,A,H,U,U,U,H,A,X,A,X,2,2,-1,-1,-1
A,P,G,G,U,G,H,G,G,A,A,G,U,A,H,U,F,G,G,G,A,G,X,X,X,X,0,0,2,0,0
A,P,A,G,U,G,U,H,H,H,H,A,H,H,U,A,A,H,G,U,G,H,X,X,X,X,1,1,1,1,0
A,P,A,H,G,G,H,H,F,G,A,H,H,H,A,U,G,U,A,U,U,A,X,X,X,X,0,-1,0,0,0
A,P,U,U,H,H,H,A,U,U,H,D,H,A,U,U,H,H,H,A,A,A,X,X,X,X,-3,-3,-3,-3,-3
A,P,U,A,H,A,H,G,U,H,U,A,A,G,F,G,G,H,G,U,A,G,A,X,X,X,0,0,0,2,0
A,P,H,U,H,A,A,H,G,H,H,H,H,G,U,A,H,H,U,A,U,H,X,A,X,X,1,1,1,-1,0
A,P,G,G,H,H,G,G,G,A,U,H,H,A,U,G,G,G,A,F,G,G,X,X,X,X,0,0,-1,0,0
A,P,U,U,G,G,U,U,G,D,U,H,A,A,G,A,H,H,U,H,A,A,X,X,X,X,-2,-2,-1.83,-1.83,-1.83
A,P,G,G,U,G,U,U,A,U,D,A,A,H,G,A,G,U,H,A,U,G,X,X,X,X,0,-0.17,0.67,1.17,1.67
A,P,A,U,A,H,H,H,U,H,G,U,H,H,G,G,G,H,A,H,G,G,X,X,B,X,-1,-1,-1,0,0
A,Z,A,A,G,H,A,U,U,U,U,A,U,G,H,A,H,H,U,G,D,G,X,X,B,X,-1.83,-1.83,-1.83,-1.83,-1.83
A,P,H,U,H,H,G,G,G,A,G,H,G,H,G,A,U,A,G,H,U,G,X,X,B,X,-1,-1,-1,0,0
A,P,U,H,G,G,A,U,G,U,A,U,A,U,G,G,A,H,H,H,A,G,X,X,X,X,2,1,-1,2,1
A,P,H,A,U,H,U,G,A,G,G,H,H,G,H,U,A,H,H,H,H,H,X,X,X,X,-2,-1,-1,0,0
A,P,A,G,U,H,A,A,H,U,G,H,G,A,H,U,H,H,H,U,H,G,X,X,X,X,-2,-1,-2,-2,0
A,P,G,H,U,H,H,G,H,U,A,A,G,A,H,U,A,U,A,H,G,U,X,X,X,X,1,1,-1,1,1
A,T,G,U,U,A,A,G,A,U,H,H,U,H,U,A,D,A,H,G,F,G,X,X,X,A,-1,-1,1,2,-1
A,P,H,G,G,G,G,G,H,A,A,A,U,A,H,U,U,G,A,H,U,F,X,X,X,X,0,0,0,0,1
A,P,A,H,U,U,H,G,A,H,G,U,U,H,G,H,H,A,G,A,H,H,X,X,A,X,-1,-1,-1,-1,0
A,P,U,A,A,U,G,H,G,A,H,D,G,A,U,A,U,U,G,G,U,G,X,X,X,X,0,0.33,-0.67,-0.33,1.17
A,M,U,D,U,G,A,H,G,F,A,A,H,U,U,G,U,A,A,G,H,H,X,X,X,X,-1,0.6,0.6,-1,-1
A,P,F,G,A,H,H,G,H,A,H,A,U,U,H,G,U,H,A,G,U,A,A,X,X,X,1,0,0,0,0
A,P,G,U,H,A,U,A,A,G,G,H,H,G,U,G,G,G,A,G,F,H,X,X,X,X,0,0,0,1,0
A,M,G,D,U,H,H,U,U,H,U,A,G,H,H,A,A,H,U,F,A,A,X,X,B,X,-2,-2,-2,-0.8,-0.8
A,Z,U,H,U,U,A,U,A,A,G,G,U,A,H,G,A,D,G,H,H,U,X,X,X,B,-0.67,-0.67,-0.67,-0.67,-0.67
A,M,D,U,A,A,H,A,H,G,H,A,U,G,U,A,H,H,H,U,U,U,X,A,X,X,0,0,1,1,1
A,T,U,G,U,G,A,A,A,G,U,U,U,A,G,D,H,G,A,U,H,G,X,X,X,X,-1,0,0,-0.5,-0.67
A,P,F,A,G,G,G,U,A,G,H,U,G,G,U,G,A,G,G,A,H,G,X,X,X,X,2,0,0,0,0
A,T,H,A,H,U,H,A,U,A,G,G,F,U,D,A,U,G,A,H,U,G,X,X,X,A,1,-1,-1,2,1
A,P,U,A,U,G,G,G,G,U,A,A,H,H,G,U,G,A,G,A,U,G,X,X,X,X,2,2,2,2,2
A,M,D,F,G,H,U,U,A,G,G,A,A,G,U,A,U,H,A,U,G,G,X,X,X,X,-1,-1,-1,-1,-1
A,P,U,G,G,A,U,D,A,A,G,A,G,U,A,H,H,F,H,U,U,H,A,X,X,X,1,1,1,1,1
A,P,A,A,A,U,U,H,U,G,A,G,U,G,U,G,H,A,G,H,H,G,X,X,X,A,1,2,2,2,1
A,P,G,A,A,H,A,H,U,G,G,F,U,H,G,H,G,A,H,H,U,G,X,X,X,A,-1,-1,-1,-1,0
A,Z,U,U,H,A,H,H,A,U,H,F,U,G,A,A,G,A,H,D,U,H,X,X,X,X,-2,-2,-2,-2,-0.2
A,P,G,H,H,G,G,A,U,U,G,A,H,G,G,A,U,G,G,H,A,U,X,X,B,X,-1,-1,-1,-1,0
A,P,G,G,G,H,U,U,H,H,A,A,G,U,G,F,U,A,A,A,H,G,B,X,X,X,1,1,0,0,0
A,P,H,H,A,A,G,G,G,H,A,H,A,H,F,U,U,G,H,G,G,U,X,X,X,B,0,0,0,1,0
A,T,H,H,H,U,U,F,H,H,A,A,G,U,D,U,A,A,G,U,H,A,X,X,X,X,0.4,0.4,-1.2,1,-1
A,P,G,G,U,A,H,H,A,U,U,H,A,G,H,U,U,G,G,A,A,G,X,X,A,X,-1,-1,-1,-1,-1
A,P,U,H,G,G,H,H,A,H,F,A,H,G,G,A,H,U,G,U,G,A,X,X,X,X,0,1,0,0,0
A,T,F,H,G,A,U,G,G,A,A,U,A,D,H,H,A,U,G,H,U,U,X,X,X,B,0.2,-2,-2,-1,-1.8
A,P,A,H,G,G,A,U,H,H,H,U,H,U,U,G,A,H,G,U,A,A,B,X,X,X,-2,-2,-1,-1,-1
A,Z,H,U,A,G,H,F,A,U,H,A,H,G,U,A,G,A,G,U,U,D,X,X,X,X,2,0.8,0.6,1,1.4
A,P,G,G,G,G,G,U,G,A,A,H,F,U,G,H,H,A,A,U,G,H,B,X,X,X,-1,-1,0,0,0
A,P,H,H,G,A,H,U,U,U,G,H,A,H,A,G,A,H,A,U,G,U,X,X,X,X,-1,-1,-1,-1,-1
A,P,F,U,G,H,U,G,G,H,A,A,H,A,H,G,H,U,A,H,H,H,X,X,A,A,1,1,0,0,0
A,P,G,F,G,U,G,G,G,G,H,U,A,H,U,G,U,A,A,A,A,G,X,B,X,X,-1,-1,-1,-1,-1
A,M,D,U,H,A,H,A,U,H,A,H,U,F,A,A,H,H,H,U,H,U,X,X,X,X,-1,1,-3,-0.2,-0.2
A,P,A,U,G,U,A,G,U,G,A,G,G,G,U,G,H,U,H,A,A,G,X,X,X,X,2,2,2,2,2
A,Z,U,H,H,G,U,U,A,U,H,G,G,A,H,U,A,A,G,U,A,D,X,X,X,X,0.33,0.67,-0.33,-0.83,-0.17
A,Z,A,A,A,G,A,H,A,U,G,U,F,H,U,U,U,H,G,D,H,G,X,X,X,X,1,1,1,1,2
A,M,U,A,A,D,G,A,H,F,U,U,H,H,H,G,A,U,A,G,G,U,X,X,B,X,-1,-1,1,-1,1
A,P,G,A,A,H,G,H,F,G,H,U,H,H,G,A,A,H,A,U,U,U,X,X,A,X,-1,-1,-1,-1,-1
A,P,H,H,A,H,U,A,G,G,U,A,A,U,G,G,H,U,H,A,U,H,X,A,X,X,-1,-1,1,-1,-1
A,P,G,F,A,H,G,H,U,H,A,H,U,G,A,G,A,G,H,G,H,U,X,X,X,A,1,0,0,0,0
A,P,A,H,F,G,U,G,A,H,A,U,H,H,H,U,G,G,A,H,A,U,X,A,X,X,1,0,0,0,0
A,P,G,G,H,G,A,F,G,G,G,U,H,A,H,G,H,G,U,G,A,G,X,B,X,X,-1,-1,-1,0,0
A,P,A,G,H,F,H,G,H,U,G,U,A,A,G,U,H,A,G,A,U,G,X,X,X,X,-1,0,0,0,0
A,P,H,A,A,G,H,H,U,F,H,H,H,A,G,G,U,H,U,A,H,G,X,X,X,X,-1,-1,-1,-1,0
A,P,G,H,U,G,G,H,U,A,A,G,G,U,H,H,A,G,A,U,A,U,X,X,X,X,2,2,2,1,1
A,P,A,H,H,H,U,G,U,H,H,G,A,G,U,H,A,G,U,G,A,G,A,X,X,X,1,-1,1,1,0
A,P,G,U,U,H,U,G,U,U,H,D,G,A,A,A,A,H,G,A,H,U,X,X,X,A,-1,-1,-2,-2,-1.83
A,P,H,U,H,F,H,H,H,A,H,G,G,G,A,A,H,G,U,A,U,H,X,X,A,X,1,0,0,0,0
A,P,A,H,U,A,U,H,G,G,A,U,G,A,A,G,H,G,G,H,U,U,X,X,X,A,-1,-1,-1,1,1
A,P,U,G,H,G,A,U,U,G,A,U,U,A,H,A,A,G,H,H,H,H,X,X,A,X,-1,-1,-1,-1,-1
A,P,H,A,H,F,H,U,H,H,H,U,U,A,A,A,H,G,H,G,A,U,X,A,X,X,-1,0,0,0,0
A,P,H,H,G,A,H,G,U,H,F,U,H,G,A,H,A,H,U,G,A,H,B,X,A,X,-1,-1,-1,-1,0
A,M,D,U,F,A,H,G,A,U,A,G,G,A,G,A,U,U,G,H,U,G,X,X,X,B,0.2,1,-1,1,1
A,P,U,G,U,A,A,H,F,H,U,H,A,U,H,H,A,A,G,H,G,G,X,X,X,X,-1,-1,1,-2,1
A,T,H,A,U,U,A,H,A,H,H,U,U,U,D,H,U,A,H,A,H,H,X,X,X,A,-3,-3,-3,-3,-3
A,P,H,G,A,H,G,U,U,G,U,G,H,H,G,A,G,G,A,F,A,G,X,X,X,X,0,0,0,2,0
A,P,U,A,G,A,H,G,G,A,G,H,U,H,G,A,U,H,U,H,H,G,X,X,X,X,1,1,-1,1,0
A,T,A,U,G,A,G,A,G,U,A,F,H,H,H,G,D,U,U,H,A,U,X,X,X,X,1,1,1,-1,1
A,P,U,A,A,G,G,H,G,G,H,H,A,U,U,A,H,A,H,F,U,H,X,X,X,X,0,0,0,0,-2
A,P,U,G,A,H,H,A,G,G,H,G,G,U,G,G,H,U,H,G,A,H,X,X,X,X,1,1,1,0,0
A,P,A,U,G,U,H,A,A,A,G,H,G,G,G,U,G,G,H,G,H,U,X,X,X,X,1,1,1,1,0
A,P,A,H,G,G,G,U,F,H,U,G,A,H,G,H,G,H,G,A,G,H,X,X,X,X,-1,-1,-1,0,0
A,P,U,H,G,A,G,H,G,A,G,G,U,H,A,H,A,G,U,H,H,U,B,X,A,X,1,1,1,1,0
A,P,H,H,U,U,G,U,A,A,G,H,A,H,H,U,G,G,H,A,H,H,X,X,X,X,1,1,1,1,0
A,P,U,A,U,G,G,U,U,A,U,A,H,H,H,H,A,G,G,H,A,H,X,X,A,X,-1,-1,-1,-1,-1
A,P,G,A,G,A,G,A,H,F,A,U,H,G,U,H,H,H,H,H,U,H,A,X,X,X,0,0,0,1,0
A,P,A,U,G,U,H,H,U,A,U,A,H,A,G,H,G,H,G,U,A,H,X,X,A,X,1,1,1,1,1
A,P,A,A,H,H,G,A,G,G,U,H,A,A,H,U,U,U,H,H,U,G,X,X,X,A,-1,-1,-1,-1,-1
A,P,G,F,A,G,U,H,G,G,A,U,A,H,A,G,H,G,H,G,G,U,X,B,X,X,-1,0,0,0,0
A,P,G,G,H,G,H,A,U,H,H,U,G,A,G,G,A,U,H,U,H,A,A,X,X,X,-1,-1,-1,-1,0
A,P,H,H,H,G,A,U,U,H,G,H,G,A,H,G,H,H,H,H,F,A,A,X,X,X,0,0,1,0,0
A,Z,U,A,F,U,G,A,H,H,A,A,U,G,A,G,G,D,U,U,G,G,X,X,X,X,-1,-1,-1,-1,-1
A,P,A,A,A,H,F,D,U,H,U,H,H,H,A,U,U,A,H,U,H,H,X,X,X,X,-3,-3,-3,-3,-3
A,M,D,U,A,A,H,H,A,G,G,A,U,U,H,U,A,H,H,H,U,U,X,X,X,X,1,1,2,1.17,1.17
A,P,G,H,G,H,H,A,F,H,U,A,H,H,H,G,G,G,U,H,G,A,X,X,X,X,0,1,0,0,0
A,P,A,H,G,U,G,D,A,U,G,H,G,U,F,U,A,A,U,G,G,A,A,X,X,X,2,2,2,1,1
A,T,U,H,U,U,H,U,G,A,A,G,A,D,G,A,H,U,H,G,U,A,X,A,X,B,1,1,1,1,1
A,P,A,G,A,G,H,F,U,H,A,H,U,A,G,G,U,H,G,A,U,G,X,X,X,X,0,0,-1,0,0
A,P,H,A,U,A,A,U,H,A,D,G,H,U,U,U,U,H,H,G,H,A,X,A,X,X,0.67,1.17,1.17,0.33,1.17
A,P,H,H,H,H,U,H,H,G,H,U,A,U,H,G,H,A,A,A,H,F,A,X,X,X,0,-1,-1,-1,0
A,P,U,U,G,H,A,H,G,H,G,U,U,F,G,A,A,A,H,H,A,H,X,X,X,B,0,-1,-1,0,0
A,M,U,H,D,U,A,G,A,G,A,G,U,U,A,G,U,H,H,A,U,H,X,A,X,X,0.5,0.67,-0.67,1,1
A,P,H,U,G,H,A,U,G,G,U,G,A,G,G,G,A,U,G,A,U,A,X,X,A,X,2,2,1,1,2
A,P,A,A,H,H,H,H,H,U,G,A,A,H,G,H,U,U,F,U,H,A,X,X,X,X,0,0,0,0,-1
A,Z,U,A,A,G,G,H,U,G,U,H,A,H,G,A,H,D,U,U,A,U,X,X,B,X,-1,-1,-2,-2,-1.5
A,P,U,A,U,G,U,A,G,A,A,H,G,G,G,G,U,H,H,H,U,A,X,X,A,B,1,1,1,1,1
A,P,G,G,G,A,H,U,H,H,A,A,H,H,G,U,G,A,U,F,G,H,X,X,A,X,0,0,0,1,0
A,P,A,G,G,F,U,G,A,U,G,A,H,G,G,G,H,U,A,U,G,A,X,X,X,X,2,0,0,0,0
A,P,G,A,A,G,A,A,G,H,G,H,H,G,G,F,U,U,G,U,G,H,X,X,X,X,0,0,0,2,0
A,P,H,A,G,U,G,H,H,U,U,H,H,A,H,U,G,G,A,A,F,A,X,X,X,X,0,0,0,0,2
A,P,A,G,H,U,H,H,A,G,H,U,A,G,U,U,G,H,U,A,A,H,A,X,X,X,-1,-1,-1,-1,-1
A,P,G,G,A,G,G,G,A,U,G,A,U,U,G,G,G,G,A,U,A,U,X,X,X,X,2,2,3,2,2
A,P,G,G,G,U,U,G,H,U,U,U,H,A,A,G,A,G,G,G,A,A,A,X,X,B,2,2,-1,-1,-1
A,P,A,U,H,A,H,G,H,A,U,D,U,H,A,A,U,U,H,U,H,G,X,X,X,X,-1.83,-2,-1.83,-2,-1.5
A,T,H,G,A,A,H,U,U,G,G,A,D,H,F,A,U,G,H,U,A,U,X,X,X,X,-1,-2,-2,0,1
A,P,H,G,G,G,H,G,U,H,H,G,A,U,A,H,H,G,A,G,U,G,X,X,X,X,-1,-1,-1,0,0
A,P,U,U,A,A,A,G,G,D,A,H,A,H,U,H,H,U,U,G,U,G,X,X,X,X,1,1,1,-0.67,1
A,P,G,A,G,G,A,D,A,H,A,H,U,U,H,U,U,H,U,U,G,A,X,X,X,X,2,2,2,2,2
A,P,A,U,G,H,U,G,H,F,A,H,H,A,G,A,H,G,G,G,H,U,X,X,X,A,0,1,0,0,0
A,P,G,H,G,H,A,U,G,H,H,G,H,A,U,G,U,G,G,H,G,A,X,X,X,B,-1,-1,-1,0,0
A,M,D,U,H,H,G,A,A,U,H,G,H,U,A,A,G,U,F,A,G,U,X,X,X,X,-1,-1,-1,-1,1.4
A,P,F,U,A,G,G,H,U,U,A,G,A,G,H,H,A,G,U,A,G,H,X,X,B,X,1,0,0,0,0
A,P,G,A,G,H,A,A,A,U,U,A,H,U,U,G,H,G,G,H,G,U,X,X,X,A,1,-1,1,1,2
A,P,H,G,H,H,G,A,H,G,H,A,U,U,H,G,G,H,H,A,U,G,X,X,X,X,1,1,1,0,0
A,P,F,A,U,G,U,A,G,G,A,H,A,U,H,H,H,H,H,H,H,G,X,X,X,A,1,0,0,0,0
A,T,A,G,H,H,U,A,G,F,A,U,D,U,A,G,H,H,A,G,U,U,X,X,X,X,-1,-2,-0.4,-1.6,-1
A,P,F,H,U,G,H,G,H,A,U,H,G,G,A,A,H,H,H,H,A,U,X,X,X,A,-1,0,0,0,0
A,P,A,A,H,U,H,G,U,G,H,A,U,G,A,G,G,A,U,H,G,U,X,X,A,X,1,1,2,2,1
A,T,G,A,H,U,A,G,U,A,A,U,U,G,U,D,H,G,G,F,G,A,A,X,X,X,1,-1,1,1,1.4
A,P,H,G,U,G,A,H,G,G,U,A,G,A,H,A,G,G,U,G,F,H,X,X,X,X,0,2,0,0,0
A,P,U,U,A,U,A,H,A,G,U,H,G,H,A,A,G,G,G,G,H,U,X,X,X,A,-1,1,1,1,1
A,Z,H,F,H,U,A,G,A,G,A,H,A,H,U,U,H,D,U,A,H,U,X,X,X,X,-1,-2,-2,-1,-1.2
A,P,U,H,U,H,G,G,H,U,G,A,G,A,G,A,H,G,H,H,U,A,X,X,X,X,1,1,1,1,0
A,P,G,H,G,H,H,H,A,U,F,A,G,A,H,G,A,G,G,U,U,H,A,X,X,X,0,1,0,0,0
A,P,H,H,H,H,U,A,H,H,H,G,H,G,A,G,H,H,G,U,A,U,X,X,X,X,-1,-1,-2,0,0
A,M,U,G,H,A,D,H,G,A,U,U,H,A,U,U,A,G,U,A,H,G,B,X,X,X,-0.33,-2,-2,-1.83,-1.83
A,P,G,H,G,H,A,G,H,U,U,G,H,G,U,A,H,A,G,A,H,U,B,X,X,X,-2,-1,-2,-2,0
A,Z,A,A,U,H,G,G,G,F,G,H,A,U,U,A,H,U,A,U,H,D,X,X,X,X,-2,-2,-2,-2,-0.6
A,P,G,H,G,H,G,G,G,A,G,H,A,G,U,G,A,U,G,F,G,H,X,X,X,X,1,0,0,0,0
A,P,G,H,H,H,G,A,U,H,A,G,H,U,H,U,H,G,H,H,A,H,X,X,X,A,1,1,-1,0,0
A,P,G,G,G,F,H,G,U,G,H,U,G,G,U,A,A,A,H,G,A,H,X,X,X,B,-2,-2,-2,-2,0
A,P,G,U,G,U,U,G,H,G,A,A,H,G,U,G,A,G,A,U,G,A,X,X,X,X,2,2,2,2,2
A,P,H,H,U,G,G,G,A,U,H,H,A,H,G,A,H,U,G,H,G,H,X,X,X,A,-1,1,-1,0,0
A,P,U,H,U,H,H,A,H,D,H,A,H,H,U,U,A,U,A,H,A,U,X,X,X,X,-0.33,-1.5,0.17,-0.33,-2.33
A,P,H,H,U,H,H,U,U,A,G,H,A,A,U,G,H,A,H,A,H,U,X,X,X,X,-2,-2,-2,-2,-2
A,P,H,A,A,U,U,G,H,H,G,G,H,U,G,A,H,H,H,H,H,H,X,X,X,A,1,1,1,0,0
A,P,G,U,G,U,A,H,A,G,A,G,U,H,G,U,H,G,H,G,A,G,X,X,A,X,2,2,2,2,0
A,P,H,U,H,G,A,U,G,U,A,H,A,A,G,G,H,U,U,G,G,A,X,X,X,X,2,2,1,1,2
A,P,H,G,F,G,H,H,A,G,H,U,H,U,H,A,G,A,H,H,A,U,X,X,X,X,-1,0,0,0,0
A,P,H,A,U,H,F,H,A,H,U,G,G,H,U,H,U,G,G,A,A,A,X,X,X,X,-2,0,0,0,0
A,P,G,G,A,U,H,H,G,G,A,G,U,G,H,U,G,A,U,H,G,A,X,X,X,X,1,2,1,2,0
A,P,U,U,A,U,A,H,G,G,H,D,H,A,G,A,G,F,U,H,U,A,X,X,X,X,2,1,2,2,1.4
A,P,G,G,U,U,U,H,U,H,A,A,A,H,H,A,G,G,G,U,G,A,X,X,A,X,2,2,2,2,2
A,P,H,U,A,A,G,G,G,U,H,H,U,A,G,U,H,G,G,A,U,A,X,X,A,A,1,1,1,-1,1
A,M,H,D,U,A,U,U,A,A,H,U,H,H,U,A,A,H,H,U,H,H,X,X,X,X,-2.67,-3,-3,-3,-3
A,P,A,A,U,A,G,H,H,A,G,G,U,G,U,H,H,G,H,U,G,H,X,X,X,X,1,1,1,1,0
A,P,U,U,H,H,A,H,U,H,U,H,H,U,A,H,A,H,A,H,H,A,X,X,X,A,-1,-1,-1,-3,-3
A,P,H,A,G,U,A,G,H,A,G,A,H,A,G,U,G,U,U,G,F,H,X,X,A,X,0,0,2,2,0
A,T,H,G,A,U,G,A,U,F,G,A,G,H,U,D,U,A,U,A,G,G,X,X,X,X,1,1,2,1,-1
A,P,F,U,G,H,G,H,U,H,U,G,A,A,G,A,H,H,A,G,H,G,X,X,A,X,-1,-1,-1,-1,0
A,P,G,H,U,H,H,H,U,A,H,H,A,H,A,A,F,U,H,A,U,G,X,X,X,X,0,-2,-2,-2,0
A,P,H,A,H,U,G,G,G,A,U,H,G,A,H,G,H,H,H,H,U,G,X,X,X,A,-1,-1,-1,0,0
A,Z,H,U,F,A,H,H,H,H,U,U,U,U,A,A,G,D,A,G,H,A,X,X,X,X,2,1,1,2,2
A,P,G,H,A,G,U,A,H,A,U,G,U,H,A,H,H,H,G,H,U,H,X,X,X,X,-2,-2,-2,-2,0
A,P,G,F,G,G,G,G,G,A,A,H,G,H,A,H,U,U,H,H,G,H,X,X,A,X,1,1,0,0,0
A,P,U,F,G,A,G,H,G,H,H,A,G,H,G,U,G,G,H,A,H,G,X,X,X,X,2,0,0,0,0
A,P,H,A,A,U,G,G,U,G,H,G,H,A,G,U,H,A,G,H,H,U,X,X,X,X,-1,-1,-1,-1,0
A,P,A,H,A,U,H,A,U,H,D,U,A,G,H,H,U,U,G,U,H,A,A,X,A,X,-1,-1,-1,-1,-1
A,P,H,A,G,G,G,G,G,U,U,F,H,H,A,G,U,A,A,G,G,H,X,X,X,X,-1,-1,-1,-1,0
A,P,U,G,H,H,G,H,G,A,H,A,U,G,G,U,A,A,A,U,U,G,X,X,X,X,2,2,2,1,1
A,P,G,H,H,H,G,U,H,G,A,A,A,H,G,U,G,G,H,U,H,H,X,X,X,X,1,1,1,0,0
A,P,H,A,H,G,A,U,G,G,U,A,G,A,U,G,A,H,U,G,U,H,X,X,X,X,1,1,1,-1,-1
A,P,G,G,U,H,A,H,U,H,G,A,H,G,G,G,G,H,A,G,U,H,X,X,B,X,1,1,1,0,0
A,Z,F,H,H,A,U,A,U,U,G,U,A,G,A,A,H,G,U,H,D,G,X,X,X,X,-1,-2,-2,-2,-2
A,P,A,H,A,U,G,F,U,U,H,D,U,A,H,A,G,H,H,H,U,A,X,X,X,A,-1,-1,-1,-1,-1
A,Z,U,U,A,H,A,H,H,A,G,F,H,U,A,G,A,D,U,H,U,H,X,X,X,X,-2,-2,-2,-2,-2
A,P,G,A,H,A,G,U,H,U,A,H,G,F,U,A,G,G,H,U,G,A,X,X,X,X,0,0,0,2,0
A,P,U,A,H,H,A,H,U,H,U,A,H,G,A,U,H,G,F,A,H,H,X,X,X,X,0,0,0,0,-1
A,P,U,G,G,H,A,U,G,A,U,A,G,U,U,G,G,A,A,H,G,G,X,X,X,X,2,1,2,1,1
A,M,A,U,A,H,D,G,A,U,G,H,U,G,U,U,G,H,H,A,A,U,X,X,X,X,-1,-1.33,-0.5,-0.83,-0.33
A,P,G,H,U,A,H,U,H,G,A,F,H,A,A,A,H,H,U,U,H,H,X,A,X,X,0,-1,0,0,0
A,P,U,G,A,A,H,G,A,G,U,A,G,G,U,A,G,U,G,H,G,U,X,X,X,X,2,2,2,2,2
A,P,A,H,U,U,H,H,H,G,H,F,H,H,A,U,A,H,H,G,H,A,X,A,X,X,-1,-1,-1,-1,0
A,T,A,H,G,A,H,H,A,U,U,H,D,H,U,U,U,H,G,A,A,F,X,X,X,X,-2,-2,-2,-2,-2
A,M,A,G,G,A,D,G,A,U,G,G,A,U,U,G,U,A,G,U,U,G,B,X,X,X,0.33,3,-1,-0.67,-1
A,P,U,U,H,G,U,A,H,U,H,H,H,H,H,H,A,H,H,A,G,A,X,X,X,A,-1,-1,1,-1,0
A,P,U,G,A,U,H,D,A,G,A,U,H,U,H,A,H,U,G,A,G,U,X,X,X,A,-0.67,-0.5,-0.5,-0.5,-0.67
A,P,U,G,A,U,H,H,H,H,H,H,G,F,H,G,H,H,G,H,A,A,X,A,X,X,-1,-1,-1,0,0
A,P,U,A,G,U,U,A,G,U,A,G,H,A,G,G,F,G,G,G,A,H,X,X,X,B,0,0,0,1,0
A,P,A,H,G,A,G,G,U,U,A,F,A,G,G,A,G,H,G,U,U,G,B,X,B,X,0,0,-1,0,0
A,P,H,G,G,A,U,U,U,H,U,A,G,F,G,H,H,A,G,G,A,A,B,X,X,X,0,-1,0,0,0
A,P,G,G,G,U,A,H,G,D,H,A,U,A,U,A,G,U,G,U,A,U,A,X,X,X,2,2,1.17,2,1.17
A,P,A,H,A,H,U,D,G,H,G,U,H,U,A,U,A,U,H,A,U,H,X,X,X,X,-2,-2,-2,-1.83,-2
A,P,U,A,G,A,G,H,H,H,U,H,U,H,G,A,G,H,H,H,A,U,X,X,B,A,1,1,1,-1,0
A,M,D,H,U,U,G,U,U,G,H,H,A,G,A,A,F,G,A,U,H,A,X,X,X,X,-2,-2,-2,-2,-2
A,P,H,H,H,U,G,U,H,U,G,H,A,G,G,G,H,A,A,G,A,U,A,X,B,X,-1,-1,-1,-1,0
A,P,U,G,H,G,G,A,H,A,H,H,U,A,G,A,U,U,U,H,H,A,X,X,A,X,1,1,1,1,1
A,Z,G,H,U,A,U,U,U,H,H,A,A,G,A,H,U,G,A,D,F,G,X,X,X,X,1,-2,-2,-2,-2
A,T,U,H,A,U,U,H,H,A,G,H,A,U,H,D,H,G,A,A,U,U,A,A,X,X,-1,-0.67,-0.67,1,1
A,P,G,U,H,G,H,H,A,H,G,A,A,H,A,U,H,U,G,U,H,H,X,X,X,X,-1,-1,-2,-2,0
A,P,H,H,G,G,U,H,A,A,H,H,H,A,G,U,U,U,G,A,H,H,X,X,A,X,1,1,1,1,0
A,P,U,G,A,G,H,H,A,A,A,U,H,A,H,F,H,G,U,G,U,H,A,X,X,X,0,0,0,0,-1
A,P,H,G,A,G,U,A,U,G,A,U,H,G,A,A,U,H,G,G,H,U,X,X,A,X,-1,-1,-1,-1,-1
A,P,H,U,A,G,A,H,U,G,H,A,H,H,G,H,U,G,G,A,G,U,X,X,X,A,2,2,2,1,0
A,P,U,H,A,F,H,A,U,D,A,U,H,G,G,U,G,G,A,A,U,H,X,X,B,X,-2,-0.6,0.6,-2,-2
A,P,U,G,G,G,H,G,A,H,H,U,H,A,U,A,H,U,H,H,A,H,A,X,X,X,-1,-1,-1,-1,0
A,P,A,A,G,G,H,H,U,H,U,H,A,U,A,G,U,G,G,G,H,H,A,X,X,X,-1,-1,-1,-1,0
A,P,G,U,A,G,A,U,A,D,U,G,F,A,A,G,H,U,U,G,G,H,X,X,X,X,1,1,2,2,2
A,P,F,H,H,A,G,G,U,U,H,G,H,A,A,G,H,H,H,A,U,H,X,X,X,X,1,0,0,0,0
A,P,H,G,U,G,A,G,H,A,A,G,A,G,U,U,U,G,G,G,A,U,X,X,X,X,2,2,2,1,1
A,P,G,H,U,H,G,G,G,A,G,H,H,F,H,A,H,H,G,A,U,H,X,X,X,X,0,-1,0,0,0
A,P,G,H,G,U,H,G,D,U,A,U,U,G,G,U,A,A,G,U,A,A,X,X,A,X,0.17,-0.33,0,0.33,0.67
A,Z,A,A,G,G,H,U,U,A,G,U,A,U,A,H,U,U,H,H,D,G,X,X,X,X,-1,-1,-1,-1,-1
A,P,A,H,H,H,A,H,G,A,U,G,H,A,U,U,G,H,G,G,U,G,A,X,X,B,-1,-1,-1,-1,0
A,Z,U,A,U,G,U,A,A,H,A,A,G,H,U,G,U,D,G,H,U,H,X,X,X,A,-1,1.17,1.17,1.17,1.17
A,Z,A,U,H,H,H,A,G,H,A,G,A,U,U,A,H,U,H,U,D,U,X,B,X,X,-2,-2,-2,-2,-2
A,M,H,A,D,H,U,H,A,H,U,H,H,A,U,H,H,U,A,U,U,A,X,X,X,X,-2.67,-3,-3,-3,-2.67
A,P,G,H,H,G,H,U,U,A,U,A,G,A,G,G,G,G,G,H,U,A,A,X,X,X,1,2,1,2,0
A,P,H,A,A,A,H,G,G,U,H,U,G,A,U,H,G,G,H,H,U,G,X,X,X,A,1,1,-1,-1,0
A,P,H,A,A,H,A,G,U,U,H,U,A,U,G,H,G,F,A,G,G,G,X,X,X,A,0,0,0,0,2
A,P,H,H,H,U,H,F,U,A,U,A,A,A,H,A,U,G,H,H,H,G,X,X,A,B,-1,-1,0,0,0
A,P,G,U,H,H,G,G,H,F,H,G,H,H,A,H,A,A,U,G,H,G,X,X,X,X,-1,-1,-1,0,0
A,P,G,A,U,A,U,H,H,G,U,U,G,A,G,A,H,H,H,H,U,A,X,B,X,X,-2,-2,-2,-2,-1
A,P,A,G,H,G,A,A,F,H,H,U,H,U,H,G,A,U,A,U,G,H,A,X,X,X,0,0,-1,0,0
A,T,G,H,A,G,A,U,H,A,A,F,U,D,U,U,A,G,H,H,G,U,X,X,X,X,-1,-1,-1,-1,-0.4
A,P,A,H,U,U,H,U,H,G,U,H,G,H,A,A,A,H,G,G,A,U,X,X,X,A,-1,-1,-1,-1,-1
A,P,G,U,G,G,G,U,U,G,H,A,G,A,U,G,A,A,U,G,H,A,X,X,X,X,2,2,2,2,2
A,T,A,U,H,A,U,G,H,A,G,U,D,G,U,A,G,A,H,F,H,U,X,A,X,X,-1,-1,-1,0.2,-1
A,P,H,H,H,G,A,H,H,H,U,G,A,H,H,F,H,H,A,H,U,H,A,X,A,X,0,-1,0,0,0
A,P,U,A,H,F,A,A,U,A,U,D,H,G,G,H,G,A,U,H,G,U,X,X,X,X,1,0.6,0.6,0,1
A,P,H,H,G,A,G,G,U,G,G,A,G,U,U,A,U,A,A,H,U,H,X,X,X,X,-1,-1,-1,-1,-1
A,Z,G,U,G,A,A,A,F,U,A,U,G,G,G,H,A,U,D,H,U,G,X,X,A,X,-1,-1,-1,1.4,-1
A,P,A,A,A,G,U,U,G,U,U,G,G,U,G,H,G,A,G,H,A,G,X,X,X,B,-1,1,1,-1,-1
A,P,H,G,H,A,H,H,U,H,G,G,G,H,U,A,A,U,H,G,H,G,A,X,X,X,1,1,1,0,0
A,P,U,H,A,A,A,U,H,U,A,H,H,G,H,G,H,U,G,A,G,U,X,X,X,A,-1,1,1,1,1
A,P,H,G,A,U,U,G,G,U,A,G,G,U,A,H,H,H,A,U,G,A,X,X,X,X,1,2,2,1,2
A,P,H,G,H,A,H,A,H,F,G,A,U,A,H,U,G,U,A,U,G,H,A,X,X,X,0,0,1,0,0
A,M,U,G,D,A,U,G,H,U,A,H,G,U,G,A,A,U,A,G,F,G,X,X,X,X,0.8,-1,1,1,1
A,P,G,A,H,U,G,H,G,U,H,U,G,H,A,U,F,H,A,A,H,A,X,X,X,X,0,-2,0,0,0
A,P,U,H,G,U,A,A,D,H,H,U,A,U,A,G,A,U,G,G,F,H,A,X,X,B,-1,1,-1,-1,-1
A,M,D,F,U,G,H,G,H,U,G,U,A,H,H,U,U,A,A,A,G,A,X,X,B,X,-2,-2,-2,-2,-2
A,P,A,U,U,U,A,A,H,G,D,A,G,U,H,H,F,A,U,H,G,G,X,B,X,X,-2,-2,1,-0.6,-2
A,P,A,U,A,H,G,H,G,H,A,U,G,H,G,A,G,H,H,G,U,U,X,B,A,X,-1,-1,-1,-1,0
A,P,G,A,H,U,F,A,D,H,H,U,U,U,H,H,A,H,A,G,A,U,A,X,X,X,-2,-0.6,-2,-2,-2
A,P,F,G,A,A,G,A,G,A,U,H,G,G,H,G,A,U,U,G,G,U,X,X,B,X,1,1,0,0,0
A,P,U,A,H,U,H,D,A,U,H,H,U,U,A,H,H,A,H,H,F,A,X,X,X,X,-3,-1.6,-3,-3,-1
A,P,U,A,U,A,A,H,U,H,H,G,H,G,G,G,G,G,A,H,U,H,X,X,A,X,-1,1,1,1,0
A,P,G,G,A,A,U,G,G,G,H,G,G,G,G,G,G,G,A,U,U,H,X,X,B,X,-1,-1,-1,0,0
A,P,H,H,G,U,H,A,F,A,U,G,G,U,A,U,A,H,A,G,H,H,X,X,X,X,0,1,0,0,0
A,P,G,F,U,U,U,H,A,A,U,A,G,H,A,G,H,G,H,G,A,G,X,X,X,B,1,1,1,0,0
A,P,G,H,H,H,H,G,G,U,U,A,G,G,G,G,A,G,G,G,U,A,X,X,B,X,1,-1,1,0,0
A,Z,A,A,U,G,H,G,U,A,U,H,U,H,A,A,U,D,U,H,H,H,X,X,A,X,-2,-2,-2,-2,-2
A,P,H,G,H,H,G,A,H,U,G,A,A,G,U,H,U,G,H,U,A,G,B,X,X,X,-1,1,1,1,0
A,P,A,H,U,H,H,H,A,A,H,U,A,U,G,H,U,H,H,G,U,A,X,X,X,A,-2,1,1,-2,1
A,P,U,A,H,U,A,D,A,H,G,U,U,A,G,A,G,U,G,H,H,U,X,X,X,X,-0.33,-0.5,-0.17,-0.17,0.5
A,Z,H,A,H,U,U,U,H,A,G,A,G,U,U,G,H,G,A,D,A,U,X,X,X,X,-2,-1.33,-1.33,-1.33,-1.33
A,P,H,A,H,H,U,A,U,H,F,G,H,A,G,G,G,G,G,U,A,H,X,X,A,X,0,1,0,0,0
A,P,A,U,F,A,A,U,A,G,G,H,H,A,H,H,H,U,H,G,G,U,X,X,X,A,0,1,1,0,0
A,Z,F,H,H,A,U,A,H,A,U,U,A,H,U,G,G,G,U,G,A,D,A,X,X,X,0,1,1,1,-0.4
A,P,U,H,U,U,G,G,A,H,A,H,G,G,A,H,A,F,G,G,G,G,X,X,X,B,1,1,0,0,0
A,Z,U,F,G,U,A,G,G,U,H,H,U,A,U,A,H,D,H,G,A,A,X,X,X,X,1,1,1,1,1
A,Z,G,H,H,G,A,U,A,U,U,A,G,H,A,H,A,G,U,D,U,U,B,X,X,X,-2,-2,-2,-2,-2
A,T,F,U,A,A,H,G,U,H,H,A,D,G,U,G,U,A,H,G,A,U,X,X,X,B,-1,-1,-2,-2,-2
A,M,A,D,G,G,U,G,G,U,G,A,U,A,U,A,U,G,G,U,G,A,X,X,X,X,1,1.33,0.33,0.33,1.33
A,P,G,A,H,A,H,U,U,H,G,G,A,U,U,G,G,G,A,U,A,H,X,X,X,X,-1,-1,-1,-1,-1
A,P,F,H,U,G,U,H,A,H,U,A,H,A,U,H,G,A,G,G,H,A,X,X,X,B,1,-1,0,0,0
A,P,U,A,H,G,G,H,G,G,A,U,A,H,F,U,H,A,G,H,G,H,X,X,X,A,0,0,-1,0,0
A,P,G,H,A,H,A,H,U,F,G,H,A,H,U,G,H,U,A,G,H,H,A,X,X,X,-1,-1,-1,-1,0
A,P,G,G,G,A,A,U,G,A,U,A,G,G,G,G,A,H,U,U,U,H,A,X,X,X,1,1,-1,1,1
A,T,A,A,U,G,H,U,A,H,H,H,H,G,D,U,U,U,H,A,A,F,X,X,X,X,-2,-2,-2,-2,-2
A,Z,H,U,G,H,U,U,A,A,A,H,A,H,G,G,U,G,U,D,U,A,X,X,A,X,1,1,1,1,2
A,P,U,H,U,H,A,G,A,G,A,G,G,U,H,G,G,F,H,G,G,A,X,X,X,X,0,0,0,2,0
A,P,H,H,H,A,A,U,D,A,H,U,U,U,A,H,F,G,U,A,G,H,A,X,X,X,-2,-2,0.2,-2,-2
A,P,U,U,A,H,A,G,G,A,G,H,U,G,G,G,H,A,U,H,G,G,X,X,X,X,1,1,1,1,0
A,P,A,U,H,H,F,A,H,A,G,H,G,U,U,U,G,G,A,A,G,G,X,X,X,X,1,0,0,0,0
A,P,F,G,A,G,U,H,U,H,U,H,G,A,H,A,A,H,G,G,G,H,X,X,X,B,-1,0,0,0,0
A,T,G,G,U,A,A,U,U,G,U,G,U,D,A,F,G,H,G,A,H,A,X,X,X,X,2,1,-1,2,1
A,P,H,G,U,H,A,A,G,G,H,H,U,G,H,A,U,A,G,G,U,H,X,X,X,X,-1,-1,-2,-2,0
A,M,U,G,H,D,H,U,A,U,A,G,U,A,H,U,H,A,U,H,H,A,X,X,X,X,-1.67,-2,-1,-1.17,-1.83
A,P,G,U,A,A,H,A,U,U,F,G,H,G,G,U,G,G,G,A,G,A,X,X,X,X,0,0,-1,0,0
A,P,A,F,G,H,H,A,H,U,H,A,A,H,U,G,H,A,U,H,U,H,X,X,X,X,-2,0,0,0,0
A,P,H,H,H,U,A,U,D,A,H,H,A,H,F,U,H,U,A,A,H,U,A,X,X,X,-3,0.6,-3,-3,-3
A,P,U,A,H,U,H,A,U,D,U,H,U,A,G,A,G,G,G,U,A,H,X,X,A,X,0,-1,-1,-1,-1
A,P,H,H,G,G,G,G,U,H,H,A,A,U,H,H,U,H,A,H,H,H,A,X,X,X,1,-1,-1,0,0
A,T,G,H,U,H,U,H,A,A,H,A,U,D,U,U,G,A,G,G,U,A,X,X,X,X,-1,-1,-2,-2,-2
A,P,H,G,H,H,F,H,G,A,H,G,U,U,G,H,A,A,H,G,G,H,A,X,X,X,1,0,0,0,0
A,P,A,G,A,A,G,G,G,A,U,H,H,G,G,A,U,U,G,U,U,G,A,X,X,X,1,1,1,-1,-1
A,P,A,H,U,H,U,U,H,G,H,H,U,H,A,A,H,G,H,U,A,A,X,X,X,X,-2,-2,-1,-2,-1
A,P,H,U,A,U,U,H,H,H,H,H,U,A,H,F,H,H,A,A,A,H,X,A,X,X,0,-3,0,0,0
A,P,H,G,G,H,G,A,U,A,A,G,G,U,H,G,G,U,G,U,A,H,B,X,X,X,1,1,1,1,0
A,T,A,H,U,G,H,H,H,U,U,H,G,A,U,A,D,H,A,U,A,F,X,X,X,X,1,-0.6,-0.4,1,-2
A,M,A,U,A,D,H,A,U,U,H,H,H,H,A,A,U,H,H,H,U,U,X,X,A,X,-2.67,-1.83,-3,-3,-3
A,P,H,H,H,G,U,H,A,H,U,U,A,U,A,A,H,A,G,F,G,G,A,X,X,X,0,0,0,0,-1
A,T,G,A,G,U,F,G,G,U,A,H,U,D,U,A,U,G,H,A,G,A,X,X,X,A,1,-1,1.4,-1,-1
A,P,A,A,A,A,H,H,H,A,U,U,H,F,H,U,H,H,U,H,H,H,X,A,X,X,0,0,0,0,1
A,P,G,H,A,A,H,H,A,A,H,H,H,U,U,G,H,H,U,G,G,U,A,X,X,X,1,1,1,1,0
A,Z,G,G,U,H,A,U,A,A,G,H,G,U,U,A,A,G,G,D,U,U,X,X,X,X,-2,-1,-1,-2,-2
A,T,A,G,U,F,A,G,H,G,U,A,D,G,U,G,A,A,G,U,H,U,X,X,X,X,1,1.4,1,1.4,2
A,P,G,G,G,U,A,D,A,H,A,A,U,A,G,G,G,U,F,U,U,H,B,X,X,X,1,1,1,1,1
A,P,U,G,H,A,G,H,A,U,G,G,G,A,H,G,U,U,A,H,U,A,X,X,X,X,2,1,1,1,2
A,P,H,H,G,H,U,U,A,G,A,H,U,U,H,H,U,H,A,A,H,A,X,X,X,X,1,1,1,1,1
A,T,G,H,A,H,G,G,U,U,U,A,A,A,F,D,H,G,U,U,H,A,X,X,X,X,1,-2,1,1,-2
A,P,U,A,H,U,A,H,H,G,D,A,U,U,H,U,U,A,H,A,H,G,X,X,X,X,1.17,1.5,-0.83,1.83,1.83
A,T,U,A,U,A,G,A,U,U,H,U,H,D,H,A,H,U,A,H,G,H,X,X,X,X,-1.83,-0.33,-1.5,-0.67,-0.33
A,P,H,G,A,G,U,G,A,H,G,U,H,G,A,H,H,F,A,H,U,G,A,X,X,X,0,0,0,1,0
A,P,A,U,H,U,A,H,A,H,D,U,H,G,U,G,H,U,U,H,A,A,X,X,X,X,-0.67,-0.83,-0.67,-0.17,-0.17
A,P,U,A,G,A,U,U,G,G,D,G,G,U,G,A,A,U,G,G,U,A,X,X,X,A,2,2,2.17,2.17,2.17
A,M,U,U,D,A,G,F,G,A,H,H,U,G,A,A,G,U,A,G,U,G,X,X,X,X,1.4,1.4,1,1,2
A,P,H,G,F,H,A,H,H,A,U,G,H,H,H,A,U,H,H,A,H,U,X,X,A,A,1,0,0,0,0
A,P,G,A,H,G,H,U,U,H,A,G,U,G,A,U,A,G,A,F,H,G,A,X,X,X,0,0,0,0,1
A,P,A,G,H,A,G,U,A,U,A,G,H,F,U,U,H,H,A,G,H,H,X,X,X,X,0,0,-1,-1,0
A,P,H,U,U,U,A,G,H,A,H,G,A,F,H,H,H,H,H,G,G,A,X,X,X,A,0,0,-1,0,0
A,P,H,U,G,A,G,H,U,G,H,G,H,A,G,U,H,H,A,U,A,G,X,X,X,X,2,1,-1,2,0
A,P,H,H,G,A,A,U,A,G,F,H,G,H,H,G,G,G,U,H,A,U,A,X,X,X,0,0,-1,0,0
A,Z,A,A,U,H,A,U,A,U,U,G,G,U,U,G,G,H,A,D,G,G,X,X,X,X,1.17,1,2,1,1
A,P,A,U,H,H,U,A,G,U,A,H,H,G,A,H,U,H,G,U,A,G,X,X,X,X,-2,-2,-1,-2,-1
A,T,U,U,G,H,H,H,U,U,A,A,U,D,H,A,H,A,A,U,G,H,X,X,X,X,-1.5,-1.5,-1.33,-2,-2
A,T,H,A,G,U,U,U,A,A,H,G,G,A,U,A,D,U,H,U,H,G,X,X,X,X,0.67,0.83,1.17,-0.33,0.5
A,P,A,U,U,H,A,U,H,A,A,D,A,H,F,G,H,U,H,U,G,H,X,A,X,X,-1,-1,1,1,-1
A,P,A,U,G,U,U,A,H,A,G,H,G,G,U,G,A,G,G,G,H,H,X,X,X,A,1,1,1,1,0
A,M,U,A,G,U,D,F,H,U,H,H,G,A,A,A,H,H,U,H,A,U,A,X,X,X,1,-1,-1,-1,1
A,M,H,U,H,D,A,U,G,A,U,A,H,A,G,H,H,H,U,U,A,U,X,X,A,X,-0.17,-2,-1.33,-1.33,-1.5
A,M,G,A,U,D,G,A,U,U,A,H,U,H,F,G,A,G,G,A,U,G,X,X,X,X,1.4,1,-1,2,1
A,P,U,U,G,A,A,G,G,G,F,U,H,H,H,G,A,H,G,A,U,A,X,B,X,A,-1,-1,-1,-1,-1
A,M,H,D,A,H,U,A,H,U,H,H,H,H,H,U,A,U,U,A,U,A,X,X,A,X,-2.33,-1,-2.33,-3,-2.33
A,P,A,A,A,G,H,G,G,U,G,F,H,H,G,U,G,G,H,U,A,G,X,X,B,X,-1,-1,-1,-1,0
A,P,A,G,G,F,U,G,H,U,G,H,G,A,G,A,H,G,U,G,H,A,A,X,X,X,-1,0,0,0,0
A,T,A,H,A,U,F,G,H,A,U,U,G,A,D,U,H,G,U,A,H,G,X,X,X,X,-2,-2,-2,-0.6,-2
A,P,A,H,H,U,A,G,H,F,H,G,U,H,A,H,A,U,H,A,U,H,X,X,X,X,-2,-2,-2,-2,-2
A,P,A,H,H,H,F,H,H,H,G,G,H,G,H,A,H,U,G,U,H,A,X,X,A,X,-1,0,0,0,0
A,P,H,A,U,U,H,G,U,G,U,A,G,A,A,A,H,U,H,H,H,G,X,X,X,X,-1,-1,-1,-1,-2
A,P,U,G,G,H,G,A,D,A,A,G,F,H,G,A,U,U,U,A,U,G,B,X,B,X,1,1,1,1,-1
A,P,G,U,A,U,U,A,D,G,H,H,U,G,A,A,G,H,U,U,H,A,X,X,A,X,-1,-0.33,1,1,0.33
A,M,G,G,D,H,G,A,F,U,A,U,H,A,U,U,H,A,G,H,A,U,X,X,X,X,-2,-1.4,-2,-2,-2
A,P,A,G,H,H,G,G,A,A,F,A,U,U,G,H,G,U,H,H,H,G,X,X,X,B,0,0,0,1,0
A,P,G,A,U,U,H,H,H,F,G,H,U,A,U,H,A,G,A,H,A,G,X,X,X,A,-1,-1,-1,-1,-1
A,P,H,U,A,G,A,H,U,G,A,U,G,H,U,U,H,G,A,H,A,H,X,X,X,X,-2,-2,-2,-2,-2
A,Z,H,A,H,U,A,A,U,A,A,U,G,G,G,H,U,U,H,U,D,G,X,X,X,X,-2,-1.83,-1.5,-1.17,-1
A,P,H,U,H,H,F,D,A,A,U,U,H,A,A,G,G,H,H,A,U,U,X,X,X,A,2,2,-1,-1,1
A,P,H,A,G,G,H,G,U,H,H,U,U,G,G,H,A,H,H,A,H,G,X,X,X,X,-1,-1,-1,0,0
A,P,H,H,F,H,A,D,U,A,U,A,A,U,A,U,H,H,H,H,U,H,X,X,X,X,0.2,-1.2,-1.4,-3,-3
A,T,A,U,G,G,U,A,A,U,G,U,G,D,G,G,A,U,G,A,U,G,X,X,X,X,1,1,1,3,1.33
A,P,G,G,U,G,A,U,U,A,G,G,G,G,H,H,H,G,A,G,H,G,X,X,B,X,1,1,1,0,0
A,P,H,A,G,A,U,A,H,U,G,U,A,H,G,H,U,G,H,H,G,G,A,X,B,X,-1,-1,-1,-1,0
A,P,H,A,H,H,U,A,H,H,A,H,G,H,F,H,H,G,H,U,A,U,A,X,X,X,0,-1,-1,0,0
A,P,U,A,A,H,H,A,G,U,A,G,G,H,U,U,G,G,H,G,H,H,X,X,X,A,1,1,1,1,0
A,Z,U,A,H,A,A,U,H,G,H,G,U,A,U,U,H,D,H,H,U,A,X,X,X,A,1,-0.67,-0.67,1,1
A,P,A,A,H,A,A,H,H,U,H,G,U,H,H,G,U,U,U,H,A,H,X,X,X,X,-2,-2,-2,-2,-1
A,P,G,A,G,G,U,G,U,G,H,A,F,G,H,A,A,U,H,U,H,A,X,X,A,X,0,0,2,2,0
A,P,G,F,A,G,A,U,G,G,G,A,G,A,G,U,U,U,H,G,H,A,X,X,A,X,2,2,0,0,0
A,Z,A,A,U,U,A,U,A,U,H,H,G,G,G,G,U,H,H,A,U,D,X,X,A,X,0,-0.33,-1,0,-0.33
A,Z,A,U,F,A,U,G,U,U,G,H,H,H,A,G,H,U,G,A,D,A,X,X,X,X,-2,1,-2,0,-1
A,Z,H,G,A,H,H,A,U,G,H,H,U,U,A,U,U,U,D,A,H,A,A,X,X,X,-1.5,-2,-2,-0.33,-0.33
A,P,U,H,U,H,H,H,H,H,F,G,G,H,A,H,A,G,G,A,U,A,X,A,X,X,-1,-1,-1,-1,0
A,T,F,U,A,U,U,U,A,A,G,H,G,D,A,A,U,H,G,G,G,G,X,X,X,X,2,1,1,2,2
A,P,H,G,A,A,H,U,U,H,G,A,A,U,F,A,H,G,H,U,H,G,A,X,X,X,0,0,0,0,1
A,Z,A,G,A,U,G,U,U,A,F,U,A,G,G,A,U,D,G,H,H,G,X,X,A,X,-1,-1,-1,-1,-1
A,P,G,H,U,A,H,A,A,G,H,G,U,A,H,U,A,U,G,F,G,G,X,X,X,X,0,2,2,0,0
A,T,A,U,A,H,G,G,G,U,U,U,G,G,U,A,D,G,F,H,A,A,X,X,X,X,2,2,0,0,0
A,P,A,U,G,H,H,H,H,H,A,U,G,G,G,A,G,A,H,U,G,U,X,X,A,X,-1,-1,-1,-1,0
A,P,H,A,G,U,F,G,H,G,A,U,A,H,A,G,U,H,H,G,H,G,X,X,X,X,-1,0,0,0,0
A,P,U,G,G,H,G,A,U,G,A,H,H,H,A,H,H,U,A,F,U,A,A,X,X,X,0,0,0,0,1
A,P,H,U,A,H,A,G,H,A,U,U,G,G,A,U,H,H,G,U,H,A,X,A,X,X,1,1,-1,-1,1
A,P,G,G,F,H,U,G,A,G,H,H,H,H,H,G,G,G,A,A,U,G,X,X,X,X,1,0,0,0,0
A,P,A,A,H,G,G,U,U,H,H,F,U,A,H,G,H,G,H,H,A,H,A,X,X,X,-1,-1,-1,-1,0
A,P,G,U,H,A,H,A,H,U,H,A,U,A,U,A,H,H,U,H,H,G,X,X,X,X,1,-1,1,1,1
A,P,A,A,H,U,H,U,U,F,H,H,A,G,U,G,H,A,H,G,G,A,A,X,X,X,-1,-1,-1,-1,-1
A,P,H,H,H,U,U,A,H,H,A,G,U,H,U,A,A,G,U,A,G,G,B,X,X,X,1,1,1,1,1
A,P,A,G,H,H,H,U,H,A,A,H,G,U,H,G,H,G,U,A,F,H,A,X,X,X,0,0,0,-1,0
A,P,A,G,G,U,A,U,U,A,G,H,G,U,G,G,U,G,A,H,G,A,B,X,X,A,1,1,1,1,1
A,P,G,F,A,G,A,U,U,A,A,G,H,H,H,U,H,H,G,U,H,A,X,X,B,X,1,1,0,0,0
A,T,G,G,H,H,U,G,U,A,F,A,U,G,D,G,U,A,A,A,U,G,A,X,X,X,-1,2,-1,-1,-1
A,P,U,G,G,G,A,H,U,G,H,A,H,U,F,G,U,A,A,G,A,H,B,X,X,A,0,1,0,0,0
A,Z,G,G,U,U,U,U,G,G,U,A,A,G,A,A,A,G,G,G,D,U,X,B,X,X,-0.33,-0.5,-0.17,0,0
A,P,H,G,U,A,G,A,U,G,A,H,G,H,A,U,G,F,U,H,A,G,X,X,A,X,0,0,0,0,2
A,P,U,A,A,H,H,U,A,G,D,H,U,U,A,G,U,H,A,H,H,F,X,X,X,A,-1,-1,1,1,-1
A,T,U,H,H,A,G,A,U,A,G,G,D,A,U,U,U,H,H,G,U,A,X,X,X,B,-1,-0.67,-1,0.33,-1
A,P,H,A,F,A,G,U,H,U,H,H,H,U,H,H,A,H,H,H,G,A,X,X,X,A,0,1,0,0,0
A,P,U,U,U,G,A,A,U,D,G,H,G,H,F,H,A,G,A,U,A,H,X,X,X,X,-2,0.2,1,1,-2
A,M,H,D,H,U,A,U,U,A,U,H,A,U,A,G,U,G,G,G,H,A,X,X,X,X,-1,-1,-1.83,-1.83,-1.5
A,P,H,H,F,A,H,H,H,U,H,H,H,H,H,A,A,G,H,H,U,G,X,X,A,X,-1,0,0,0,0
A,P,U,A,A,G,G,G,H,U,G,H,H,G,A,U,H,A,H,H,G,U,X,X,X,B,1,1,-1,-1,0
A,P,A,A,U,G,G,A,G,D,H,U,F,G,A,G,H,G,U,U,A,U,X,X,X,X,-1,-1,-0.4,-0.4,-1
A,P,G,H,U,U,G,G,A,A,H,H,U,G,G,H,G,G,G,A,H,H,X,X,A,X,1,1,1,0,0
A,P,G,H,U,H,H,G,A,G,G,G,U,G,H,A,G,H,A,G,H,U,X,X,X,X,1,1,1,0,0
A,P,A,U,H,A,A,U,H,H,H,D,G,A,U,G,H,F,A,U,U,H,X,X,X,X,-2,-2,-2,-1,-1.4
A,P,G,H,A,G,H,G,A,F,H,G,G,H,G,U,H,A,G,U,H,G,A,X,X,X,0,-1,0,0,0
A,P,U,H,U,A,A,H,H,U,H,D,U,G,A,A,A,H,U,G,U,H,X,X,X,X,-1,-1,-1.17,-0.83,-0.83
A,P,A,U,G,G,H,H,G,H,G,A,H,A,U,G,H,H,G,H,U,H,X,X,X,A,1,1,1,0,0
A,P,H,H,F,A,U,H,A,G,U,H,H,H,G,H,H,U,A,H,A,H,X,A,X,X,1,0,0,0,0
A,P,U,G,A,U,G,A,D,H,U,U,G,A,G,U,G,A,U,G,A,H,A,X,X,X,-0.67,-1,-1,-1,-1
A,P,G,G,U,G,A,G,D,A,U,U,A,U,A,U,G,G,H,U,H,A,X,X,X,X,-1,-1,-0.67,-0.67,-1
A,Z,A,U,H,U,A,A,G,H,H,A,H,H,U,U,G,U,D,H,U,A,X,A,X,X,1,-0.33,0.5,0.67,-0.17
A,Z,H,A,U,H,A,G,U,G,U,A,A,U,H,G,U,A,G,D,U,H,X,X,X,X,-1,-1.33,-0.5,-0.33,-0.5
A,M,H,H,A,H,D,U,G,U,G,U,G,U,A,F,A,A,H,U,G,A,X,X,X,X,1.4,2,2,2,1
A,P,A,U,U,H,U,D,U,U,A,H,A,H,G,H,A,A,G,H,U,H,X,X,X,A,-2,-1,-2,-2,-2
A,P,U,H,F,H,G,H,U,H,H,H,G,A,H,G,G,G,A,A,G,H,X,X,X,X,-1,-1,-1,0,0
A,P,H,A,H,U,A,A,U,D,U,A,H,H,U,H,U,H,A,G,U,G,X,X,X,X,-1,-1.5,-0.33,-0.83,0
A,M,U,U,H,U,D,A,A,G,A,G,G,A,H,G,A,U,G,U,G,U,X,X,A,X,0,0,2,0,2
A,P,A,U,H,A,A,H,H,U,H,G,A,U,H,G,U,G,G,A,H,U,X,X,X,X,-2,-1,-1,-2,-2
A,P,H,G,G,A,F,A,U,U,G,H,H,H,H,U,A,U,A,H,G,A,B,X,X,A,-1,0,0,0,0
A,P,G,U,G,G,H,G,G,U,A,G,A,H,A,H,G,G,U,H,H,H,X,X,A,X,1,1,1,0,0
A,P,A,A,H,H,G,G,G,U,A,H,G,U,U,A,G,H,A,G,U,F,X,X,X,X,0,0,0,0,1
A,P,U,H,G,H,A,A,U,F,U,D,G,H,A,G,H,G,A,U,U,A,X,X,X,X,-1,1,1,1,-1
A,Z,F,A,H,H,U,A,G,A,U,H,G,U,U,H,H,A,A,D,U,H,X,X,X,X,-1.8,-2,-2,-2,-2
A,P,H,G,H,H,A,A,H,A,U,H,G,H,A,U,G,F,A,U,G,U,X,X,A,X,0,0,0,0,1
A,T,H,A,H,U,H,G,F,A,A,U,A,D,G,H,U,H,A,H,U,U,A,X,X,X,-2,-1,-1,-1.6,-2
A,P,G,G,U,U,G,G,D,G,G,G,U,G,A,A,U,U,U,A,A,A,X,X,X,X,1.67,1.67,1.67,2.67,2.67
A,P,A,G,G,U,U,U,U,G,F,D,A,G,G,A,G,A,U,G,G,A,B,X,X,X,2,1,1,1,-1
A,P,A,A,H,G,G,A,U,G,G,H,G,U,H,H,H,H,U,G,H,H,A,X,X,X,-1,-1,-1,0,0
A,T,A,U,F,H,H,G,A,H,U,U,U,G,A,D,U,H,A,H,A,H,X,A,X,X,-2,-2,-1,-2,-2
A,P,A,G,A,G,H,G,G,G,H,H,G,H,H,H,A,F,H,U,H,U,A,X,X,X,-1,-1,-1,0,0
A,Z,G,G,U,G,A,G,U,A,A,U,U,G,U,A,U,D,G,A,G,G,X,X,X,X,2.67,1.33,1.33,1.33,1.67
A,P,H,H,A,H,A,F,H,H,U,U,H,H,H,U,H,A,H,H,A,H,X,X,X,X,-3,-3,-3,-3,0
A,P,F,H,H,G,A,U,G,A,A,U,A,H,U,G,A,H,U,H,G,H,X,X,X,X,1,0,0,0,0
A,M,H,U,A,A,D,U,H,A,A,U,H,H,H,U,A,F,U,H,H,H,X,A,B,X,-1.2,-0.4,-3,-3,-3
A,Z,U,G,A,H,U,A,G,H,U,A,H,A,A,U,U,H,H,U,H,D,X,X,X,X,-2,-2,-1.83,-2,-2
A,M,G,U,H,H,D,A,U,A,H,U,U,G,A,H,U,U,A,H,A,H,X,X,X,X,-2,-2,-2,-2,-2
A,M,D,U,A,G,H,U,U,A,U,A,U,G,A,G,G,A,H,F,G,G,X,X,X,X,2,2,1,2,2
A,P,G,F,G,G,A,G,G,H,H,U,H,A,H,G,H,H,H,U,H,A,X,X,A,X,1,0,0,0,0
A,M,H,G,D,U,G,U,G,A,H,A,U,U,U,A,F,G,H,H,A,A,X,A,X,B,-1,-1,-1,-1,-1
A,P,G,U,U,G,G,A,G,H,U,D,A,U,G,A,A,U,G,U,A,H,X,B,X,X,-1,-1,-1,-1,-1
A,Z,A,F,G,U,H,H,A,U,H,A,A,U,G,H,G,D,G,A,U,U,X,X,X,X,-2,-2,-2,-2,-1
A,P,A,H,U,A,A,U,U,U,F,G,G,G,H,G,H,A,G,A,G,H,X,X,A,X,-1,-1,-1,-1,-1
A,P,U,U,U,G,H,A,U,H,A,A,A,A,H,U,H,G,G,G,G,G,X,X,X,X,-1,2,2,1,1
A,P,G,U,U,G,A,U,A,F,G,A,H,G,H,G,A,A,H,G,U,H,X,X,B,B,0,0,1,0,0
A,P,A,U,U,U,A,H,U,A,H,H,U,G,G,G,H,G,A,G,A,G,X,X,X,A,-1,1,1,1,-1
A,P,G,G,G,H,A,A,H,H,H,G,U,H,H,U,A,H,H,U,G,G,X,X,B,X,1,1,1,0,0
A,P,H,A,A,G,H,G,U,G,H,G,A,U,H,U,H,A,G,G,U,H,X,X,X,X,-1,-1,-1,-1,0
A,P,A,A,G,A,U,H,A,G,A,U,H,G,G,H,H,G,G,U,U,U,X,A,B,X,-1,-1,-1,-1,-1
A,P,A,A,H,H,U,U,G,A,D,A,U,U,U,A,U,G,G,G,H,H,X,A,X,X,-1,-1,1,-0.67,-1
A,Z,G,G,G,U,G,U,F,G,H,A,A,U,G,U,H,D,A,A,A,U,A,X,X,X,2,1,1.8,1.8,2
A,Z,H,U,A,A,A,G,U,G,H,G,F,U,U,A,G,U,A,D,G,G,X,X,X,X,1,1,1,2,2
A,T,G,A,H,A,A,A,H,U,U,H,U,U,D,U,U,G,H,H,H,A,X,X,X,B,-2,-2,-2,-2,-2
A,P,G,G,H,G,G,A,G,A,U,U,A,G,G,G,U,A,U,H,A,U,X,X,B,X,-1,-1,-1,-1,-1
A,P,U,A,G,H,G,U,H,U,A,G,U,H,A,U,H,H,H,G,A,A,X,X,A,B,1,1,-1,-1,-1
A,T,U,U,G,H,G,U,A,H,F,U,A,G,H,D,G,U,A,H,A,A,X,A,B,X,-1,0.6,-1,-1,-1
A,P,H,G,U,A,U,H,A,U,H,H,A,U,G,U,H,A,A,H,G,G,X,X,X,A,-1,-1,-1,-1,-1
A,P,H,H,A,G,H,H,U,F,H,A,H,G,G,G,A,U,G,H,G,H,X,X,B,A,0,1,0,0,0
A,P,G,H,A,U,G,D,G,U,G,A,U,A,U,H,H,A,U,H,F,A,X,X,X,X,1,0.2,1,1,0.2
A,Z,G,U,G,H,U,A,G,U,H,U,A,G,H,U,A,H,A,A,D,U,X,X,A,X,1,1,-1.33,2,2
A,T,G,A,A,F,H,G,U,A,H,U,D,A,G,U,A,H,U,U,G,H,X,X,X,X,-2,-2,-2,0.2,0.2
A,M,U,G,A,D,H,G,G,U,H,U,G,U,A,A,F,A,H,A,U,H,A,X,X,X,1,1,-1,1,1
A,P,U,G,U,A,A,G,G,U,A,G,H,A,H,H,A,U,U,G,H,G,X,X,X,X,2,2,2,1,1
A,P,U,A,A,G,H,G,H,A,H,G,F,U,G,G,H,H,G,H,H,H,X,X,X,X,0,0,1,0,0
A,P,H,H,G,U,H,G,H,F,H,A,G,H,H,H,G,H,A,A,U,H,X,X,X,X,-1,0,0,0,0
A,P,A,A,G,G,H,H,H,U,U,U,G,U,G,H,A,G,A,G,H,H,X,X,X,X,-2,-2,-1,-2,0
A,P,H,U,A,U,H,U,H,A,D,H,A,H,A,H,A,H,H,U,F,U,X,X,X,X,1,-1.8,-3,-3,-3
A,P,G,U,H,U,U,G,H,A,H,A,G,A,H,A,H,H,F,H,H,G,X,X,A,X,1,1,0,0,0
A,P,H,H,H,H,G,U,H,U,A,A,U,U,U,H,G,A,H,A,H,A,A,X,X,X,1,1,-1,-1,-1
A,P,G,H,A,G,H,G,G,U,F,G,G,G,A,U,H,H,A,H,H,G,A,X,X,X,-1,-1,-1,0,0
A,M,H,U,D,H,H,U,H,U,A,F,G,A,U,A,A,H,H,A,G,U,X,X,X,X,-2,-1,-2,-2,1
A,P,H,G,H,U,G,A,U,A,D,H,A,A,U,U,A,G,U,H,G,U,B,X,X,X,-0.83,-1,-0.33,-0.33,-1.5
A,P,U,G,H,U,G,G,H,U,H,H,A,A,H,G,G,U,A,G,A,H,X,X,X,X,-1,-1,-1,-1,0
A,M,G,H,G,A,D,A,F,G,A,U,G,A,A,U,U,U,U,G,G,H,B,X,X,X,-0.6,-2,-0.6,-2,-2
A,M,A,H,A,H,D,U,A,H,H,H,U,A,U,H,G,U,U,A,F,G,X,X,X,X,-0.6,-0.2,-2,1,-2
A,P,H,G,A,A,H,H,A,A,G,G,G,G,U,U,G,A,H,U,U,F,X,X,X,X,0,0,0,0,2
A,P,A,A,H,G,U,U,H,U,H,H,H,H,A,G,A,H,A,U,H,U,X,X,X,X,-2,-2,-2,-2,-2
A,P,G,H,A,A,A,U,G,A,U,G,G,H,F,G,G,H,U,U,A,H,X,X,X,X,0,0,0,-1,0
A,P,U,H,A,G,A,G,A,F,H,D,H,G,G,H,A,U,U,U,U,A,A,X,A,X,1,1,1,1,1
A,P,H,H,G,A,A,U,F,G,G,U,A,A,H,H,A,H,H,U,U,G,X,X,X,X,-2,-2,-2,-2,-2
A,P,A,A,A,G,G,G,A,U,U,U,G,G,A,H,G,U,F,H,G,G,X,X,X,X,0,0,0,2,0
A,P,G,H,A,G,A,A,H,U,A,F,U,G,H,A,G,U,H,G,G,U,A,X,B,X,0,0,1,-1,0
A,T,A,A,H,U,A,G,U,U,A,G,D,G,G,U,U,G,H,U,G,A,X,X,X,X,-1,-1,-2,-2,-2
A,P,G,U,U,H,G,H,A,G,H,A,A,H,G,H,A,F,G,U,H,G,X,X,A,X,1,1,0,0,0
A,P,G,G,G,U,U,H,H,A,G,H,A,G,G,A,H,G,U,A,F,G,A,X,B,X,0,0,0,1,0
A,P,U,A,A,A,U,G,A,G,F,H,A,G,G,G,G,G,U,U,H,G,X,X,B,X,0,0,0,-1,0
A,Z,U,G,A,A,U,A,G,U,A,U,H,G,A,G,H,D,U,G,G,F,A,X,X,X,-1,-1,-1,-1,-1
A,Z,U,U,U,G,H,A,A,G,F,G,U,G,H,G,G,A,D,A,A,U,X,X,B,X,-1,-1,0.6,0.6,1
A,T,H,H,A,U,A,U,U,F,G,G,H,G,U,D,H,A,U,A,A,G,X,X,X,X,2,-1,2,2,2
A,P,U,G,H,A,U,G,F,A,G,A,H,H,U,H,H,G,H,H,H,A,A,X,X,A,0,1,1,0,0
A,P,H,H,H,U,A,H,H,H,G,G,A,F,A,A,U,A,H,H,U,U,A,X,X,B,0,0,1,1,0
A,P,G,A,G,U,A,H,U,H,A,U,H,A,U,A,H,G,G,G,U,G,X,X,X,X,-2,1,-1,-2,1
A,T,A,A,U,H,A,H,U,A,U,A,U,G,H,D,U,H,H,H,U,G,X,X,X,A,-0.67,-1,-1,-1,-1
A,P,G,U,U,U,H,G,A,U,H,H,A,U,G,H,A,G,A,G,A,G,X,X,X,X,-2,-2,-1,-2,-2
A,Z,U,U,F,G,H,H,H,H,U,A,A,A,H,U,H,D,G,A,U,A,X,B,X,A,-1,-1,-1,1,1
A,P,H,G,H,G,A,H,U,U,H,A,U,A,A,G,H,H,F,U,G,A,A,X,X,X,0,0,0,0,2
A,P,H,A,A,H,U,U,A,A,H,H,H,U,H,A,U,G,H,U,G,H,X,X,X,X,-2,-2,1,1,-2
A,P,H,U,A,H,U,U,A,H,A,A,U,H,H,U,G,G,A,H,H,H,X,X,A,X,1,1,1,1,-1
A,P,U,A,A,U,G,H,H,A,F,G,H,A,U,U,H,H,G,A,G,H,X,X,X,X,0,0,-1,0,0
A,P,A,U,G,G,G,A,H,H,G,G,U,H,U,U,H,A,A,G,A,U,X,X,X,X,-1,-1,1,1,1
A,P,H,H,H,A,G,U,A,U,A,H,H,U,G,G,H,G,G,G,F,A,X,X,X,A,0,0,0,1,0
A,P,H,A,H,H,U,U,A,U,H,H,H,G,H,F,A,H,G,U,A,A,X,X,B,X,0,0,-1,0,0
A,Z,U,U,U,G,H,A,H,A,G,H,U,G,U,A,U,A,G,D,H,A,X,X,X,X,0,0,-1.5,-0.33,-0.33
A,P,G,A,U,U,H,A,H,U,H,A,F,A,H,H,G,U,G,A,H,G,X,X,X,A,0,0,0,1,0
A,Z,A,G,U,A,U,F,G,A,G,A,H,G,H,H,U,U,H,D,U,A,X,A,X,X,1,1,0.6,1.2,0
A,M,G,D,H,U,G,U,G,G,A,H,U,A,U,G,A,G,A,U,A,F,X,B,X,X,-2,1,-2,1,-2
A,P,H,G,G,A,U,A,G,G,A,H,U,A,F,H,H,U,A,U,H,H,X,A,X,X,0,0,0,-1,0
A,P,G,A,A,G,H,U,U,H,A,H,A,H,H,U,U,A,H,U,G,G,X,X,B,X,-1,-1,-1,-1,-1
